Workbook

Sheet ปก
A5: สมุดบันทึกผลการพัฒนาคุณภาพผู้เรียนรายวิชา (ปพ.5)
A6: โรงเรียนบ้านขัวก่าย ตำบลขัวก่าย อำเภอวานรนิวาส จังหวัดสกลนคร
A7: สังกัด สำนักงานเขตพื้นที่การศึกษาประถมศึกษา สกลนคร เขต 3
A8: สำนักงานคณะกรรมการการศึกษาขั้นพื้นฐาน กระทรวงศึกษาธิการ
A9: ชั้นประถมศึกษาปีที่ 6 ปีการศึกษา 2568
A10: สรุปผลการเรียน
A11: รายวิชา | D11: รหัสวิชา | E11: จำนวนนักเรียนที่ได้รับผลการเรียน | M11: ผลการเรียนเฉลี่ย
E12: 0 | F12: 1 | G12: 1.5 | H12: 2 | I12: 2.5 | J12: 3 | K12: 3.5 | L12: 4
A13: ภาษาไทย | D13: ท15101 | E13: =COUNTIF('เกรดรวม59-60'!$T$6:$T$34,E12) -> 0 | F13: =COUNTIF('เกรดรวม59-60'!$T$6:$T$34,F12) -> 0 | G13: =COUNTIF('เกรดรวม59-60'!$T$6:$T$34,G12) -> 0 | H13: =COUNTIF('เกรดรวม59-60'!$T$6:$T$34,H12) -> 0 | I13: =COUNTIF('เกรดรวม59-60'!$T$6:$T$34,I12) -> 0 | J13: =COUNTIF('เกรดรวม59-60'!$T$6:$T$34,J12) -> 3 | K13: =COUNTIF('เกรดรวม59-60'!$T$6:$T$34,K12) -> 3 | L13: =COUNTIF('เกรดรวม59-60'!$T$6:$T$34,L12) -> 7 | M13: =((E13*0)+(F13*1)+(G13*1.5)+(H13*2)+(I13*2.5)+(J13*3)+(K13*3.5)+(L13*4))/(E13+F13+G13+H13+I13+J13+K13+L13) -> 3.6538462
A14: คณิตศาสตร์ | D14: ค15101 | E14: =COUNTIF('เกรดรวม59-60'!$U$6:$U$34,E12) -> 0 | F14: =COUNTIF('เกรดรวม59-60'!$U$6:$U$34,F12) -> 0 | G14: =COUNTIF('เกรดรวม59-60'!$U$6:$U$34,G12) -> 0 | H14: =COUNTIF('เกรดรวม59-60'!$U$6:$U$34,H12) -> 0 | I14: =COUNTIF('เกรดรวม59-60'!$U$6:$U$34,I12) -> 0 | J14: =COUNTIF('เกรดรวม59-60'!$U$6:$U$34,J12) -> 3 | K14: =COUNTIF('เกรดรวม59-60'!$U$6:$U$34,K12) -> 2 | L14: =COUNTIF('เกรดรวม59-60'!$U$6:$U$34,L12) -> 8 | M14: =((E14*0)+(F14*1)+(G14*1.5)+(H14*2)+(I14*2.5)+(J14*3)+(K14*3.5)+(L14*4))/(E14+F14+G14+H14+I14+J14+K14+L14) -> 3.6923077
A15: วิทยาศาตร์และเทคโนโลยี | D15: ว15101 | E15: =COUNTIF('เกรดรวม59-60'!$V$6:$V$34,E12) -> 0 | F15: =COUNTIF('เกรดรวม59-60'!$V$6:$V$34,F12) -> 0 | G15: =COUNTIF('เกรดรวม59-60'!$V$6:$V$34,G12) -> 0 | H15: =COUNTIF('เกรดรวม59-60'!$V$6:$V$34,H12) -> 0 | I15: =COUNTIF('เกรดรวม59-60'!$V$6:$V$34,I12) -> 1 | J15: =COUNTIF('เกรดรวม59-60'!$V$6:$V$34,J12) -> 5 | K15: =COUNTIF('เกรดรวม59-60'!$V$6:$V$34,K12) -> 1 | L15: =COUNTIF('เกรดรวม59-60'!$V$6:$V$34,L12) -> 6 | M15: =((E15*0)+(F15*1)+(G15*1.5)+(H15*2)+(I15*2.5)+(J15*3)+(K15*3.5)+(L15*4))/(E15+F15+G15+H15+I15+J15+K15+L15) -> 3.4615385
A16: สังคมศึกษา ฯ | D16: ส15101 | E16: =COUNTIF('เกรดรวม59-60'!$W$6:$W$34,E12) -> 0 | F16: =COUNTIF('เกรดรวม59-60'!$W$6:$W$34,F12) -> 0 | G16: =COUNTIF('เกรดรวม59-60'!$W$6:$W$34,G12) -> 0 | H16: =COUNTIF('เกรดรวม59-60'!$W$6:$W$34,H12) -> 0 | I16: =COUNTIF('เกรดรวม59-60'!$W$6:$W$34,I12) -> 0 | J16: =COUNTIF('เกรดรวม59-60'!$W$6:$W$34,J12) -> 0 | K16: =COUNTIF('เกรดรวม59-60'!$W$6:$W$34,K12) -> 2 | L16: =COUNTIF('เกรดรวม59-60'!$W$6:$W$34,L12) -> 11 | M16: =((E16*0)+(F16*1)+(G16*1.5)+(H16*2)+(I16*2.5)+(J16*3)+(K16*3.5)+(L16*4))/(E16+F16+G16+H16+I16+J16+K16+L16) -> 3.9230769
A17: ประวัติศาสตร์ | D17: ส15102 | E17: =COUNTIF('เกรดรวม59-60'!$X$6:$X$34,E12) -> 0 | F17: =COUNTIF('เกรดรวม59-60'!$X$6:$X$34,F12) -> 0 | G17: =COUNTIF('เกรดรวม59-60'!$X$6:$X$34,G12) -> 0 | H17: =COUNTIF('เกรดรวม59-60'!$X$6:$X$34,H12) -> 0 | I17: =COUNTIF('เกรดรวม59-60'!$X$6:$X$34,I12) -> 0 | J17: =COUNTIF('เกรดรวม59-60'!$X$6:$X$34,J12) -> 0 | K17: =COUNTIF('เกรดรวม59-60'!$X$6:$X$34,K12) -> 1 | L17: =COUNTIF('เกรดรวม59-60'!$X$6:$X$34,L12) -> 12 | M17: =((E17*0)+(F17*1)+(G17*1.5)+(H17*2)+(I17*2.5)+(J17*3)+(K17*3.5)+(L17*4))/(E17+F17+G17+H17+I17+J17+K17+L17) -> 3.9615385
A18: สุขศึกษาและพลศึกษา | D18: พ15101 | E18: =COUNTIF('เกรดรวม59-60'!$Y$6:$Y$34,E12) -> 0 | F18: =COUNTIF('เกรดรวม59-60'!$Y$6:$Y$34,F12) -> 0 | G18: =COUNTIF('เกรดรวม59-60'!$Y$6:$Y$34,G12) -> 0 | H18: =COUNTIF('เกรดรวม59-60'!$Y$6:$Y$34,H12) -> 0 | I18: =COUNTIF('เกรดรวม59-60'!$Y$6:$Y$34,I12) -> 0 | J18: =COUNTIF('เกรดรวม59-60'!$Y$6:$Y$34,J12) -> 0 | K18: =COUNTIF('เกรดรวม59-60'!$Y$6:$Y$34,K12) -> 2 | L18: =COUNTIF('เกรดรวม59-60'!$Y$6:$Y$34,L12) -> 11 | M18: =((E18*0)+(F18*1)+(G18*1.5)+(H18*2)+(I18*2.5)+(J18*3)+(K18*3.5)+(L18*4))/(E18+F18+G18+H18+I18+J18+K18+L18) -> 3.9230769
A19: ศิลปะ | D19: ศ15101 | E19: =COUNTIF('เกรดรวม59-60'!$Z$6:$Z$34,E12) -> 0 | F19: =COUNTIF('เกรดรวม59-60'!$Z$6:$Z$34,F12) -> 0 | G19: =COUNTIF('เกรดรวม59-60'!$Z$6:$Z$34,G12) -> 0 | H19: =COUNTIF('เกรดรวม59-60'!$Z$6:$Z$34,H12) -> 0 | I19: =COUNTIF('เกรดรวม59-60'!$Z$6:$Z$34,I12) -> 0 | J19: =COUNTIF('เกรดรวม59-60'!$Z$6:$Z$34,J12) -> 0 | K19: =COUNTIF('เกรดรวม59-60'!$Z$6:$Z$34,K12) -> 0 | L19: =COUNTIF('เกรดรวม59-60'!$Z$6:$Z$34,L12) -> 13 | M19: =((E19*0)+(F19*1)+(G19*1.5)+(H19*2)+(I19*2.5)+(J19*3)+(K19*3.5)+(L19*4))/(E19+F19+G19+H19+I19+J19+K19+L19) -> 4
A20: การงานอาชีพ | D20: ง15101 | E20: =COUNTIF('เกรดรวม59-60'!$AA$6:$AA$34,E12) -> 0 | F20: =COUNTIF('เกรดรวม59-60'!$AA$6:$AA$34,F12) -> 0 | G20: =COUNTIF('เกรดรวม59-60'!$AA$6:$AA$34,G12) -> 0 | H20: =COUNTIF('เกรดรวม59-60'!$AA$6:$AA$34,H12) -> 0 | I20: =COUNTIF('เกรดรวม59-60'!$AA$6:$AA$34,I12) -> 0 | J20: =COUNTIF('เกรดรวม59-60'!$AA$6:$AA$34,J12) -> 0 | K20: =COUNTIF('เกรดรวม59-60'!$AA$6:$AA$34,K12) -> 0 | L20: =COUNTIF('เกรดรวม59-60'!$AA$6:$AA$34,L12) -> 13 | M20: =((E20*0)+(F20*1)+(G20*1.5)+(H20*2)+(I20*2.5)+(J20*3)+(K20*3.5)+(L20*4))/(E20+F20+G20+H20+I20+J20+K20+L20) -> 4
A21: ภาษาอังกฤษ | D21: อ15101 | E21: =COUNTIF('เกรดรวม59-60'!$AB$5:$AB$34,E12) -> 0 | F21: =COUNTIF('เกรดรวม59-60'!$AB$5:$AB$34,F12) -> 0 | G21: =COUNTIF('เกรดรวม59-60'!$AB$5:$AB$34,G12) -> 1 | H21: =COUNTIF('เกรดรวม59-60'!$AB$5:$AB$34,H12) -> 1 | I21: =COUNTIF('เกรดรวม59-60'!$AB$5:$AB$34,I12) -> 2 | J21: =COUNTIF('เกรดรวม59-60'!$AB$5:$AB$34,J12) -> 0 | K21: =COUNTIF('เกรดรวม59-60'!$AB$5:$AB$34,K12) -> 3 | L21: =COUNTIF('เกรดรวม59-60'!$AB$5:$AB$34,L12) -> 6 | M21: =((E21*0)+(F21*1)+(G21*1.5)+(H21*2)+(I21*2.5)+(J21*3)+(K21*3.5)+(L21*4))/(E21+F21+G21+H21+I21+J21+K21+L21) -> 3.3076923
A22: การป้องกันการทุจริต | D22: ส15201 | E22: =COUNTIF('เกรดรวม59-60'!$AC$5:$AC$34,E12) -> 0 | F22: =COUNTIF('เกรดรวม59-60'!$AC$5:$AC$34,F12) -> 0 | G22: =COUNTIF('เกรดรวม59-60'!$AC$5:$AC$34,G12) -> 0 | H22: =COUNTIF('เกรดรวม59-60'!$AC$5:$AC$34,H12) -> 0 | I22: =COUNTIF('เกรดรวม59-60'!$AC$5:$AC$34,I12) -> 0 | J22: =COUNTIF('เกรดรวม59-60'!$AC$5:$AC$34,J12) -> 1 | K22: =COUNTIF('เกรดรวม59-60'!$AC$5:$AC$34,K12) -> 1 | L22: =COUNTIF('เกรดรวม59-60'!$AC$5:$AC$34,L12) -> 11 | M22: =((E22*0)+(F22*1)+(G22*1.5)+(H22*2)+(I22*2.5)+(J22*3)+(K22*3.5)+(L22*4))/(E22+F22+G22+H22+I22+J22+K22+L22) -> 3.8846154
A24: ผลการประเมินคุณลักษณะอันพึงประสงค์ | F24: ผลการประเมินการอ่าน คิด และเขียน
A25: 0 | B25: 1 | C25: 2 | D25: 3 | F25: 0 | G25: 1 | H25: 2 | I25: 3
A26: =COUNTIF('คุณลักษณะ อ่านฯ57'!$K$5:$K$33,ปก!A25) -> 0 | B26: =COUNTIF('คุณลักษณะ อ่านฯ57'!$K$5:$K$33,ปก!B25) -> 0 | C26: =COUNTIF('คุณลักษณะ อ่านฯ57'!$K$5:$K$33,ปก!C25) -> 0 | D26: =COUNTIF('คุณลักษณะ อ่านฯ57'!$K$5:$K$33,ปก!D25) -> 13 | F26: =COUNTIF('คุณลักษณะ อ่านฯ57'!$R$5:$R$33,ปก!F25) -> 0 | G26: =COUNTIF('คุณลักษณะ อ่านฯ57'!$R$5:$R$33,ปก!G25) -> 0 | H26: =COUNTIF('คุณลักษณะ อ่านฯ57'!$R$5:$R$33,ปก!H25) -> 2 | I26: =COUNTIF('คุณลักษณะ อ่านฯ57'!$R$5:$R$33,ปก!I25) -> 11
A28: อนุมัติผลการเรียน
C29: ลงชื่อ…...……………………………….......….. | G29: ครูผู้สอน
D30: (นาอุราพร ธุระแพง )
C31: ลงชื่อ…………………………………......……… | G31: ผู้ทาน
D32: (นางเจษฎา คำปัญโญ)
C33: ลงชื่อ…………………………………………….. | G33: ผู้ตรวจ
D34: (นางขวัญจิต สุวรรณคุณ)
C35: ( ) | D35: อนุมัติ | G35: ( ) | H35: ไม่อนุมัติ
C36: ลงชื่อ…………………………………………….. | G36: ผู้อำนวยการโรงเรียนบ้านขัวก่าย
D37: (นายอภัย ปังอุทา)
C38: วันที่ 31 เดือน มีนาคม พ.ศ. 2568

Sheet ข้อมูลนร.2-3
G1: 2 | P1: 3
A2: เลขที่ | B2: เลขประจำตัว | C2: เลขประจำตัวประชาชน | D2: คำนำหน้าชื่อ ชื่อ - นามสกุล | E2: วัน เดือน ปี เกิด | F2: ชื่อ -นามสกุล บิดา | G2: ชื่อ - นามสกุล มารดา | H2: ชื่อ -นามสกุล ผู้ปกครอง | I2: เกี่ยวข้องเป็น | J2: อาขีพผู้ปกครอง | K2: ที่อยู่
K3: บ้านเลขที่ | L3: หมู่ที่ | M3: ตำบล | N3: อำเภอ | O3: จังหวัด | P3: เบอร์โทรศัพท์
A4: 1 | B4: 4874 | C4: 1470801474536 | D4: เด็กชายกฤษดา บัวศรี | E4: 01/10/2555
A5: 2 | B5: 4875 | C5: 1470801468064 | D5: เด็กชายจิรายุ ดอบุตร | E5: 22/01/2555
A6: 3 | B6: 4878 | C6: 1470801475991 | D6: เด็กชายจิรายุ เนตรสว่าง | E6: 20/11/2555
A7: 4 | B7: 4879 | C7: 1909803751611 | D7: เด็กชายจีรภัทร คันธมาตย์ | E7: 22/02/2555
A8: 5 | B8: 4880 | C8: 1470801474293 | D8: เด็กชายปรวัฒน์ โพธิ์ศรี | E8: 27/09/2555
A9: 6 | B9: 4881 | C9: 1470801470069 | D9: เด็กชายพีรภาพ วงคำใหญ่ | E9: 05/04/2555
A10: 7 | B10: 4926 | C10: 1479300152500 | D10: เด็กหญิงกมลรัตน์ แสดคง | E10: 20/07/2555
A11: 8 | B11: 4882 | C11: 1470801474064 | D11: เด็กหญิงกัลยรัตน์ ทึงสุข | E11: 17/09/2555
A12: 9 | B12: 4883 | C12: 1100704339339 | D12: เด็กหญิงนิตยา พละโท | E12: 24/03/2555
A13: 10 | B13: 4884 | C13: 1470801476431 | D13: เด็กหญิงบัณฑิตา เบ้าพงษ์ | E13: 09/12/2555
A14: 11 | B14: 4885 | C14: 1470801474111 | D14: เด็กหญิงพัชรกัญญ์ บาลนาคม | E14: 17/09/2555
A15: 12 | B15: 4886 | C15: 1749700193626 | D15: เด็กหญิงสุวิชาดา ชูจิตร | E15: 26/03/2555
A16: 13 | B16: 4887 | C16: 1470801468862 | D16: เด็กหญิงปุญญิศา อุปทุม | E16: 25/02/2555

Sheet เวลาเรียน4-16
AK1: 4 | BT1: 5 | DC1: 6 | EL1: 7 | FU1: 8 | HD1: 9 | IL1: 10 | JU1: 11 | LD1: 12 | MM1: 13 | NV1: 14 | PE1: 15 | PT1: 16
A2: เลขที่ | B2: ชื่อ | C2: เวลาเรียน ประจำเดือน พฤษภาคม พ.ศ. 2567 | AL2: เวลาเรียน ประจำเดือน มิถุนายน พ.ศ. 2567 | BU2: เวลาเรียน ประจำเดือน กรกฎาคม พ.ศ. 2567 | DD2: เวลาเรียน ประจำเดือน สิงหาคม พ.ศ. 2567 | EM2: เวลาเรียน ประจำเดือน กันยายน พ.ศ. 2567 | FV2: เวลาเรียน ประจำเดือน ตุลาคม พ.ศ. 2567 | HE2: เวลาเรียน ประจำเดือน พฤศจิกายน พ.ศ. 2567 | IN2: เวลาเรียน ประจำเดือน ธันวาคม พ.ศ. 2567 | JW2: เวลาเรียน ประจำเดือน มกราคม พ.ศ. 2568 | LF2: เวลาเรียน ประจำเดือน กุมภาพันธ์ พ.ศ. 2568 | MO2: เวลาเรียน ประจำเดือน มีนาคม พ.ศ. 2568 | NX2: เวลาเรียน ประจำเดือน เมษายน พ.ศ. 2568 | PG2: สรุปเวลาเรียน
C3: วันที่ | AH3: รวมเวลาเรียน | AL3: วันที่ | BQ3: รวมเวลาเรียน | BU3: วันที่ | CZ3: รวมเวลาเรียน | DD3: วันที่ | EI3: รวมเวลาเรียน | EM3: วันที่ | FR3: รวมเวลาเรียน | FV3: วันที่ | HA3: รวมเวลาเรียน | HE3: วันที่ | IJ3: รวมเวลาเรียน | IN3: วันที่ | JS3: รวมเวลาเรียน | JW3: วันที่ | LB3: รวมเวลาเรียน | LF3: วันที่ | MK3: รวมเวลาเรียน | MO3: วันที่ | NT3: รวมเวลาเรียน | NX3: วันที่ | PC3: รวมเวลาเรียน | PG3: พ.ค. | PH3: มิ.ย. | PI3: ก.ค. | PJ3: ส.ค. | PK3: ก.ย. | PL3: ต.ค. | PM3: พ.ย. | PN3: ธ.ค. | PO3: ม.ค. | PP3: ก.พ. | PQ3: มี.ค. | PR3: เม.ย. | PS3: รวม | PT3: คิดเป็นร้อยละ
C4: 1 | D4: 2 | E4: 3 | F4: 4 | G4: 5 | H4: 6 | I4: 7 | J4: 8 | K4: 9 | L4: 10 | M4: 11 | N4: 12 | O4: 13 | P4: 14 | Q4: 15 | R4: 16 | S4: 17 | T4: 18 | U4: 19 | V4: 20 | W4: 21 | X4: 22 | Y4: 23 | Z4: 24 | AA4: 25 | AB4: 26 | AC4: 27 | AD4: 28 | AE4: 29 | AF4: 30 | AG4: 31 | AH4: 11 | AK4: วัน | AL4: 1 | AM4: 2 | AN4: 3 | AO4: 4 | AP4: 5 | AQ4: 6 | AR4: 7 | AS4: 8 | AT4: 9 | AU4: 10 | AV4: 11 | AW4: 12 | AX4: 13 | AY4: 14 | AZ4: 15 | BA4: 16 | BB4: 17 | BC4: 18 | BD4: 19 | BE4: 20 | BF4: 21 | BG4: 22 | BH4: 23 | BI4: 24 | BJ4: 25 | BK4: 26 | BL4: 27 | BM4: 28 | BN4: 29 | BO4: 30 | BQ4: 19 | BT4: วัน | BU4: 1 | BV4: 2 | BW4: 3 | BX4: 4 | BY4: 5 | BZ4: 6 | CA4: 7 | CB4: 8 | CC4: 9 | CD4: 10 | CE4: 11 | CF4: 12 | CG4: 13 | CH4: 14 | CI4: 15 | CJ4: 16 | CK4: 17 | CL4: 18 | CM4: 19 | CN4: 20 | CO4: 21 | CP4: 22 | CQ4: 23 | CR4: 24 | CS4: 25 | CT4: 26 | CU4: 27 | CV4: 28 | CW4: 29 | CX4: 30 | CY4: 31 | CZ4: 21 | DC4: วัน | DD4: 1 | DE4: 2 | DF4: 3 | DG4: 4 | DH4: 5 | DI4: 6 | DJ4: 7 | DK4: 8 | DL4: 9 | DM4: 10 | DN4: 11 | DO4: 12 | DP4: 13 | DQ4: 14 | DR4: 15 | DS4: 16 | DT4: 17 | DU4: 18 | DV4: 19 | DW4: 20 | DX4: 21 | DY4: 22 | DZ4: 23 | EA4: 24 | EB4: 25 | EC4: 26 | ED4: 27 | EE4: 28 | EF4: 29 | EG4: 30 | EH4: 31 | EI4: 21 | EL4: วัน | EM4: 1 | EN4: 2 | EO4: 3 | EP4: 4 | EQ4: 5 | ER4: 6 | ES4: 7 | ET4: 8 | EU4: 9 | EV4: 10 | EW4: 11 | EX4: 12 | EY4: 13 | EZ4: 14 | FA4: 15 | FB4: 16 | FC4: 17 | FD4: 18 | FE4: 19 | FF4: 20 | FG4: 21 | FH4: 22 | FI4: 23 | FJ4: 24 | FK4: 25 | FL4: 26 | FM4: 27 | FN4: 28 | FO4: 29 | FP4: 30 | FR4: 21 | FU4: วัน | FV4: 1 | FW4: 2 | FX4: 3 | FY4: 4 | FZ4: 5 | GA4: 6 | GB4: 7 | GC4: 8 | GD4: 9 | GE4: 10 | GF4: 11 | GG4: 12 | GH4: 13 | GI4: 14 | GJ4: 15 | GK4: 16 | GL4: 17 | GM4: 18 | GN4: 19 | GO4: 20 | GP4: 21 | GQ4: 22 | GR4: 23 | GS4: 24 | GT4: 25 | GU4: 26 | GV4: 27 | GW4: 28 | GX4: 29 | GY4: 30 | GZ4: 31 | HA4: 6 | HD4: วัน | HE4: 1 | HF4: 2 | HG4: 3 | HH4: 4 | HI4: 5 | HJ4: 6 | HK4: 7 | HL4: 8 | HM4: 9 | HN4: 10 | HO4: 11 | HP4: 12 | HQ4: 13 | HR4: 14 | HS4: 15 | HT4: 16 | HU4: 17 | HV4: 18 | HW4: 19 | HX4: 20 | HY4: 21 | HZ4: 22 | IA4: 23 | IB4: 24 | IC4: 25 | ID4: 26 | IE4: 27 | IF4: 28 | IG4: 29 | IH4: 30 | IJ4: 21 | IM4: วัน | IN4: 1 | IO4: 2 | IP4: 3 | IQ4: 4 | IR4: 5 | IS4: 6 | IT4: 7 | IU4: 8 | IV4: 9 | IW4: 10 | IX4: 11 | IY4: 12 | IZ4: 13 | JA4: 14 | JB4: 15 | JC4: 16 | JD4: 17 | JE4: 18 | JF4: 19 | JG4: 20 | JH4: 21 | JI4: 22 | JJ4: 23 | JK4: 24 | JL4: 25 | JM4: 26 | JN4: 27 | JO4: 28 | JP4: 29 | JQ4: 30 | JR4: 31 | JS4: 18 | JV4: วัน | JW4: 1 | JX4: 2 | JY4: 3 | JZ4: 4 | KA4: 5 | KB4: 6 | KC4: 7 | KD4: 8 | KE4: 9 | KF4: 10 | KG4: 11 | KH4: 12 | KI4: 13 | KJ4: 14 | KK4: 15 | KL4: 16 | KM4: 17 | KN4: 18 | KO4: 19 | KP4: 20 | KQ4: 21 | KR4: 22 | KS4: 23 | KT4: 24 | KU4: 25 | KV4: 26 | KW4: 27 | KX4: 28 | KY4: 29 | KZ4: 30 | LA4: 31 | LB4: 22 | LE4: วัน | LF4: 1 | LG4: 2 | LH4: 3 | LI4: 4 | LJ4: 5 | LK4: 6 | LL4: 7 | LM4: 8 | LN4: 9 | LO4: 10 | LP4: 11 | LQ4: 12 | LR4: 13 | LS4: 14 | LT4: 15 | LU4: 16 | LV4: 17 | LW4: 18 | LX4: 19 | LY4: 20 | LZ4: 21 | MA4: 22 | MB4: 23 | MC4: 24 | MD4: 25 | ME4: 26 | MF4: 27 | MG4: 28 | MH4: 29 | MK4: 20 | MN4: วัน | MO4: 1 | MP4: 2 | MQ4: 3 | MR4: 4 | MS4: 5 | MT4: 6 | MU4: 7 | MV4: 8 | MW4: 9 | MX4: 10 | MY4: 11 | MZ4: 12 | NA4: 13 | NB4: 14 | NC4: 15 | ND4: 16 | NE4: 17 | NF4: 18 | NG4: 19 | NH4: 20 | NI4: 21 | NJ4: 22 | NK4: 23 | NL4: 24 | NM4: 25 | NN4: 26 | NO4: 27 | NP4: 28 | NQ4: 29 | NR4: 30 | NS4: 31 | NT4: 20 | NW4: วัน | NX4: 1 | NY4: 2 | NZ4: 3 | OA4: 4 | OB4: 5 | OC4: 6 | OD4: 7 | OE4: 8 | OF4: 9 | OG4: 10 | OH4: 11 | OI4: 12 | OJ4: 13 | OK4: 14 | OL4: 15 | OM4: 16 | ON4: 17 | OO4: 18 | OP4: 19 | OQ4: 20 | OR4: 21 | OS4: 22 | OT4: 23 | OU4: 24 | OV4: 25 | OW4: 26 | OX4: 27 | OY4: 28 | OZ4: 29 | PA4: 30 | PC4: 0 | PF4: วัน | PG4: =AH4 -> 11 | PH4: =BQ4 -> 19 | PI4: =CZ4 -> 21 | PJ4: =EI4 -> 21 | PK4: =FR4 -> 21 | PL4: =HA4 -> 6 | PM4: =IJ4 -> 21 | PN4: =JS4 -> 18 | PO4: =LB4 -> 22 | PP4: =MK4 -> 20 | PQ4: =NT4 -> 20 | PR4: =PC4 -> 0 | PS4: =SUM(PG4:PR5) -> 200
C5: พ | D5: พฤ | E5: ศ | F5: ส | G5: อา | H5: จ | I5: อ | J5: พ | K5: พฤ | L5: ศ | M5: ส | N5: อา | O5: จ | P5: อ | Q5: พ | R5: พฤ | S5: ศ | T5: ส | U5: อา | V5: จ | W5: อ | X5: พ | Y5: พฤ | Z5: ศ | AA5: ส | AB5: อา | AC5: จ | AD5: อ | AE5: พ | AF5: พฤ | AG5: ศ | AH5: มา | AI5: ป่วย | AJ5: ลา | AK5: ขาด | AL5: ส | AM5: อา | AN5: จ | AO5: อ | AP5: พ | AQ5: พฤ | AR5: ศ | AS5: ส | AT5: อา | AU5: จ | AV5: อ | AW5: พ | AX5: พฤ | AY5: ศ | AZ5: ส | BA5: อา | BB5: จ | BC5: อ | BD5: พ | BE5: พฤ | BF5: ศ | BG5: ส | BH5: อา | BI5: จ | BJ5: อ | BK5: พ | BL5: พฤ | BM5: ศ | BN5: ส | BO5: อา | BQ5: มา | BR5: ป่วย | BS5: ลา | BT5: ขาด | BU5: จ | BV5: อ | BW5: พ | BX5: พฤ | BY5: ศ | BZ5: ส | CA5: อา | CB5: จ | CC5: อ | CD5: พ | CE5: พฤ | CF5: ศ | CG5: ส | CH5: อา | CI5: จ | CJ5: อ | CK5: พ | CL5: พฤ | CM5: ศ | CN5: ส | CO5: อา | CP5: จ | CQ5: อ | CR5: พ | CS5: พฤ | CT5: ศ | CU5: ส | CV5: อา | CW5: จ | CX5: อ | CY5: พ | CZ5: มา | DA5: ป่วย | DB5: ลา | DC5: ขาด | DD5: พฤ | DE5: ศ | DF5: ส | DG5: อา | DH5: จ | DI5: อ | DJ5: พ | DK5: พฤ | DL5: ศ | DM5: ส | DN5: อา | DO5: จ | DP5: อ | DQ5: พ | DR5: พฤ | DS5: ศ | DT5: ส | DU5: อา | DV5: จ | DW5: อ | DX5: พ | DY5: พฤ | DZ5: ศ | EA5: ส | EB5: อา | EC5: จ | ED5: อ | EE5: พ | EF5: พฤ | EG5: ศ | EH5: ส | EI5: มา | EJ5: ป่วย | EK5: ลา | EL5: ขาด | EM5: อา | EN5: จ | EO5: อ | EP5: พ | EQ5: พฤ | ER5: ศ | ES5: ส | ET5: อา | EU5: จ | EV5: อ | EW5: พ | EX5: พฤ | EY5: ศ | EZ5: ส | FA5: อา | FB5: จ | FC5: อ | FD5: พ | FE5: พฤ | FF5: ศ | FG5: ส | FH5: อา | FI5: จ | FJ5: อ | FK5: พ | FL5: พฤ | FM5: ศ | FN5: ส | FO5: อา | FP5: จ | FR5: มา | FS5: ป่วย | FT5: ลา | FU5: ขาด | FV5: อ | FW5: พ | FX5: พฤ | FY5: ศ | FZ5: ส | GA5: อา | GB5: จ | GC5: อ | GD5: พ | GE5: พฤ | GF5: ศ | GG5: ส | GH5: อา | GI5: จ | GJ5: อ | GK5: พ | GL5: พฤ | GM5: ศ | GN5: ส | GO5: อา | GP5: จ | GQ5: อ | GR5: พ | GS5: พฤ | GT5: ศ | GU5: ส | GV5: อา | GW5: จ | GX5: อ | GY5: พ | GZ5: พฤ | HA5: มา | HB5: ป่วย | HC5: ลา | HD5: ขาด | HE5: ศ | HF5: ส | HG5: อา | HH5: จ | HI5: อ | HJ5: พ | HK5: พฤ | HL5: ศ | HM5: ส | HN5: อา | HO5: จ | HP5: อ | HQ5: พ | HR5: พฤ | HS5: ศ | HT5: ส | HU5: อา | HV5: จ | HW5: อ | HX5: พ | HY5: พฤ | HZ5: ศ | IA5: ส | IB5: อา | IC5: จ | ID5: อ | IE5: พ | IF5: พฤ | IG5: ศ | IH5: ส | IJ5: มา | IK5: ป่วย | IL5: ลา | IM5: ขาด | IN5: อา | IO5: จ | IP5: อ | IQ5: พ | IR5: พฤ | IS5: ศ | IT5: ส | IU5: อา | IV5: จ | IW5: อ | IX5: พ | IY5: พฤ | IZ5: ศ | JA5: ส | JB5: อา | JC5: จ | JD5: อ | JE5: พ | JF5: พฤ | JG5: ศ | JH5: ส | JI5: อา | JJ5: จ | JK5: อ | JL5: พ | JM5: พฤ | JN5: ศ | JO5: ส | JP5: อา | JQ5: จ | JR5: อ | JS5: มา | JT5: ป่วย | JU5: ลา | JV5: ขาด | JW5: พ | JX5: พฤ | JY5: ศ | JZ5: ส | KA5: อา | KB5: จ | KC5: อ | KD5: พ | KE5: พฤ | KF5: ศ | KG5: ส | KH5: ศ | KI5: อา | KJ5: จ | KK5: อ | KL5: พ | KM5: พฤ | KN5: ศ | KO5: ส | KP5: อา | KQ5: จ | KR5: อ | KS5: พ | KT5: พฤ | KU5: ศ | KV5: ส | KW5: อา | KX5: จ | KY5: อ | KZ5: พ | LA5: พฤ | LB5: มา | LC5: ป่วย | LD5: ลา | LE5: ขาด | LF5: พฤ | LG5: ศ | LH5: ส | LI5: อา | LJ5: จ | LK5: อ | LL5: พ | LM5: พฤ | LN5: ศ | LO5: ส | LP5: อา | LQ5: จ | LR5: อ | LS5: พ | LT5: พฤ | LU5: ศ | LV5: ส | LW5: อา | LX5: จ | LY5: อ | LZ5: พ | MA5: พฤ | MB5: ศ | MC5: ส | MD5: อา | ME5: จ | MF5: อ | MG5: พ | MH5: พฤ | MK5: มา | ML5: ป่วย | MM5: ลา | MN5: ขาด | MO5: ส | MP5: อา | MQ5: จ | MR5: อ | MS5: พ | MT5: พฤ | MU5: ศ | MV5: ส | MW5: อา | MX5: จ | MY5: อ | MZ5: พ | NA5: พฤ | NB5: ศ | NC5: ส | ND5: อา | NE5: จ | NF5: อ | NG5: พ | NH5: พฤ | NI5: ศ | NJ5: ส | NK5: ส | NL5: อา | NM5: จ | NN5: อ | NO5: พ | NP5: พฤ | NQ5: ศ | NR5: ส | NS5: อา | NT5: มา | NU5: ป่วย | NV5: ลา | NW5: ขาด | NX5: จ | NY5: อ | NZ5: พ | OA5: พฤ | OB5: ศ | OC5: ส | OD5: อา | OE5: จ | OF5: อ | OG5: พ | OH5: พฤ | OI5: ศ | OJ5: ส | OK5: อา | OL5: จ | OM5: อ | ON5: พ | OO5: พฤ | OP5: ศ | OQ5: ส | OR5: อา | OS5: จ | OT5: อ | OU5: พ | OV5: พฤ | OW5: ศ | OX5: ส | OY5: อา | OZ5: จ | PA5: อ | PC5: มา | PD5: ป่วย | PE5: ลา | PF5: ขาด
A6: 1 | B6: ='ข้อมูลนร.2-3'!D4 -> เด็กชายกฤษดา บัวศรี | AH6: =$AH$4-(AI6+AJ6+AK6) -> 11 | AI6: =COUNTIF(C6:AG6,"ป") -> 0 | AJ6: =COUNTIF(C6:AG6,"ล") -> 0 | AK6: =COUNTIF(C6:AG6,"ข") -> 0 | AQ6: ล | BC6: ล | BQ6: =$BQ$4-(BR6+BS6+BT6) -> 17 | BR6: =COUNTIF(AL6:BP6,"ป") -> 0 | BS6: =COUNTIF(AL6:BP6,"ล") -> 2 | BT6: =COUNTIF(AL6:BP6,"ข") -> 0 | CL6: ล | CZ6: =$CZ$4-(DA6+DB6+DC6) -> 20 | DA6: =COUNTIF(BU6:CY6,"ป") -> 0 | DB6: =COUNTIF(BU6:CY6,"ล") -> 1 | DC6: =COUNTIF(BU6:CY6,"ข") -> 0 | DJ6: ล | DK6: ล | DL6: ล | EI6: =$EI$4-(EJ6+EK6+EL6) -> 18 | EJ6: =COUNTIF(DD6:EH6,"ป") -> 0 | EK6: =COUNTIF(DD6:EH6,"ล") -> 3 | EL6: =COUNTIF(DD6:EH6,"ข") -> 0 | FR6: =$FR$4-(FS6+FT6+FU6) -> 21 | FS6: =COUNTIF(EM6:FQ6,"ป") -> 0 | FT6: =COUNTIF(EM6:FQ6,"ล") -> 0 | FU6: =COUNTIF(EM6:FQ6,"ข") -> 0 | HA6: =$HA$4-(HB6+HC6+HD6) -> 6 | HB6: =COUNTIF(FV6:GZ6,"ป") -> 0 | HC6: =COUNTIF(FV6:GZ6,"ล") -> 0 | HD6: =COUNTIF(FV6:GZ6,"ข") -> 0 | IJ6: =$IJ$4-(IK6+IL6+IM6) -> 21 | IK6: =COUNTIF(HE6:II6,"ป") -> 0 | IL6: =COUNTIF(HE6:II6,"ล") -> 0 | IM6: =COUNTIF(HE6:II6,"ข") -> 0 | JS6: =$JS$4-(JT6+JU6+JV6) -> 18 | JT6: =COUNTIF(IN6:JR6,"ป") -> 0 | JU6: =COUNTIF(IN6:JR6,"ล") -> 0 | JV6: =COUNTIF(IN6:JR6,"ข") -> 0 | LB6: =$LB$4-(LC6+LD6+LE6) -> 22 | LC6: =COUNTIF(JW6:LA6,"ป") -> 0 | LD6: =COUNTIF(JW6:LA6,"ล") -> 0 | LE6: =COUNTIF(JW6:LA6,"ข") -> 0 | MK6: =$MK$4-(ML6+MM6+MN6) -> 20 | ML6: =COUNTIF(LF6:MJ6,"ป") -> 0 | MM6: =COUNTIF(LF6:MJ6,"ล") -> 0 | MN6: =COUNTIF(LF6:MJ6,"ข") -> 0 | MY6: ล | NT6: =$NT$4-(NU6+NV6+NW6) -> 19 | NU6: =COUNTIF(MO6:NS6,"ป") -> 0 | NV6: =COUNTIF(MO6:NS6,"ล") -> 1 | NW6: =COUNTIF(MO6:NS6,"ข") -> 0 | PC6: =$PC$4-(PD6+PE6+PF6) -> 0 | PD6: =COUNTIF(NX6:PB6,"ป") -> 0 | PE6: =COUNTIF(NX6:PB6,"ล") -> 0 | PF6: =COUNTIF(NX6:PB6,"ข") -> 0 | PG6: =AH6 -> 11 | PH6: =BQ6 -> 17 | PI6: =CZ6 -> 20 | PJ6: =EI6 -> 18 | PK6: =FR6 -> 21 | PL6: =HA6 -> 6 | PM6: =IJ6 -> 21 | PN6: =JS6 -> 18 | PO6: =LB6 -> 22 | PP6: =MK6 -> 20 | PQ6: =NT6 -> 19 | PR6: =PC6 -> 0 | PS6: =SUM(PC6:PR6) -> 193 | PT6: =PS6*100/$PS$4 -> 96.5
A7: 2 | B7: ='ข้อมูลนร.2-3'!D5 -> เด็กชายจิรายุ ดอบุตร | AH7: =$AH$4-(AI7+AJ7+AK7) -> 11 | AI7: =COUNTIF(C7:AG7,"ป") -> 0 | AJ7: =COUNTIF(C7:AG7,"ล") -> 0 | AK7: =COUNTIF(C7:AG7,"ข") -> 0 | BQ7: =$BQ$4-(BR7+BS7+BT7) -> 19 | BR7: =COUNTIF(AL7:BP7,"ป") -> 0 | BS7: =COUNTIF(AL7:BP7,"ล") -> 0 | BT7: =COUNTIF(AL7:BP7,"ข") -> 0 | CE7: ล | CZ7: =$CZ$4-(DA7+DB7+DC7) -> 20 | DA7: =COUNTIF(BU7:CY7,"ป") -> 0 | DB7: =COUNTIF(BU7:CY7,"ล") -> 1 | DC7: =COUNTIF(BU7:CY7,"ข") -> 0 | DS7: ล | EI7: =$EI$4-(EJ7+EK7+EL7) -> 20 | EJ7: =COUNTIF(DD7:EH7,"ป") -> 0 | EK7: =COUNTIF(DD7:EH7,"ล") -> 1 | EL7: =COUNTIF(DD7:EH7,"ข") -> 0 | FR7: =$FR$4-(FS7+FT7+FU7) -> 21 | FS7: =COUNTIF(EM7:FQ7,"ป") -> 0 | FT7: =COUNTIF(EM7:FQ7,"ล") -> 0 | FU7: =COUNTIF(EM7:FQ7,"ข") -> 0 | HA7: =$HA$4-(HB7+HC7+HD7) -> 6 | HB7: =COUNTIF(FV7:GZ7,"ป") -> 0 | HC7: =COUNTIF(FV7:GZ7,"ล") -> 0 | HD7: =COUNTIF(FV7:GZ7,"ข") -> 0 | IJ7: =$IJ$4-(IK7+IL7+IM7) -> 21 | IK7: =COUNTIF(HE7:II7,"ป") -> 0 | IL7: =COUNTIF(HE7:II7,"ล") -> 0 | IM7: =COUNTIF(HE7:II7,"ข") -> 0 | JS7: =$JS$4-(JT7+JU7+JV7) -> 18 | JT7: =COUNTIF(IN7:JR7,"ป") -> 0 | JU7: =COUNTIF(IN7:JR7,"ล") -> 0 | JV7: =COUNTIF(IN7:JR7,"ข") -> 0 | JX7: ล | KJ7: ล | LB7: =$LB$4-(LC7+LD7+LE7) -> 20 | LC7: =COUNTIF(JW7:LA7,"ป") -> 0 | LD7: =COUNTIF(JW7:LA7,"ล") -> 2 | LE7: =COUNTIF(JW7:LA7,"ข") -> 0 | MK7: =$MK$4-(ML7+MM7+MN7) -> 20 | ML7: =COUNTIF(LF7:MJ7,"ป") -> 0 | MM7: =COUNTIF(LF7:MJ7,"ล") -> 0 | MN7: =COUNTIF(LF7:MJ7,"ข") -> 0 | NT7: =$NT$4-(NU7+NV7+NW7) -> 20 | NU7: =COUNTIF(MO7:NS7,"ป") -> 0 | NV7: =COUNTIF(MO7:NS7,"ล") -> 0 | NW7: =COUNTIF(MO7:NS7,"ข") -> 0 | PC7: =$PC$4-(PD7+PE7+PF7) -> 0 | PD7: =COUNTIF(NX7:PB7,"ป") -> 0 | PE7: =COUNTIF(NX7:PB7,"ล") -> 0 | PF7: =COUNTIF(NX7:PB7,"ข") -> 0 | PG7: =AH7 -> 11 | PH7: =BQ7 -> 19 | PI7: =CZ7 -> 20 | PJ7: =EI7 -> 20 | PK7: =FR7 -> 21 | PL7: =HA7 -> 6 | PM7: =IJ7 -> 21 | PN7: =JS7 -> 18 | PO7: =LB7 -> 20 | PP7: =MK7 -> 20 | PQ7: =NT7 -> 20 | PR7: =PC7 -> 0 | PS7: =SUM(PC7:PR7) -> 196 | PT7: =PS7*100/$PS$4 -> 98
A8: 3 | B8: ='ข้อมูลนร.2-3'!D6 -> เด็กชายจิรายุ เนตรสว่าง | AH8: =$AH$4-(AI8+AJ8+AK8) -> 11 | AI8: =COUNTIF(C8:AG8,"ป") -> 0 | AJ8: =COUNTIF(C8:AG8,"ล") -> 0 | AK8: =COUNTIF(C8:AG8,"ข") -> 0 | BQ8: =$BQ$4-(BR8+BS8+BT8) -> 19 | BR8: =COUNTIF(AL8:BP8,"ป") -> 0 | BS8: =COUNTIF(AL8:BP8,"ล") -> 0 | BT8: =COUNTIF(AL8:BP8,"ข") -> 0 | CM8: ล | CZ8: =$CZ$4-(DA8+DB8+DC8) -> 20 | DA8: =COUNTIF(BU8:CY8,"ป") -> 0 | DB8: =COUNTIF(BU8:CY8,"ล") -> 1 | DC8: =COUNTIF(BU8:CY8,"ข") -> 0 | EI8: =$EI$4-(EJ8+EK8+EL8) -> 21 | EJ8: =COUNTIF(DD8:EH8,"ป") -> 0 | EK8: =COUNTIF(DD8:EH8,"ล") -> 0 | EL8: =COUNTIF(DD8:EH8,"ข") -> 0 | FR8: =$FR$4-(FS8+FT8+FU8) -> 21 | FS8: =COUNTIF(EM8:FQ8,"ป") -> 0 | FT8: =COUNTIF(EM8:FQ8,"ล") -> 0 | FU8: =COUNTIF(EM8:FQ8,"ข") -> 0 | HA8: =$HA$4-(HB8+HC8+HD8) -> 6 | HB8: =COUNTIF(FV8:GZ8,"ป") -> 0 | HC8: =COUNTIF(FV8:GZ8,"ล") -> 0 | HD8: =COUNTIF(FV8:GZ8,"ข") -> 0 | IJ8: =$IJ$4-(IK8+IL8+IM8) -> 21 | IK8: =COUNTIF(HE8:II8,"ป") -> 0 | IL8: =COUNTIF(HE8:II8,"ล") -> 0 | IM8: =COUNTIF(HE8:II8,"ข") -> 0 | JS8: =$JS$4-(JT8+JU8+JV8) -> 18 | JT8: =COUNTIF(IN8:JR8,"ป") -> 0 | JU8: =COUNTIF(IN8:JR8,"ล") -> 0 | JV8: =COUNTIF(IN8:JR8,"ข") -> 0 | LB8: =$LB$4-(LC8+LD8+LE8) -> 22 | LC8: =COUNTIF(JW8:LA8,"ป") -> 0 | LD8: =COUNTIF(JW8:LA8,"ล") -> 0 | LE8: =COUNTIF(JW8:LA8,"ข") -> 0 | MK8: =$MK$4-(ML8+MM8+MN8) -> 20 | ML8: =COUNTIF(LF8:MJ8,"ป") -> 0 | MM8: =COUNTIF(LF8:MJ8,"ล") -> 0 | MN8: =COUNTIF(LF8:MJ8,"ข") -> 0 | NT8: =$NT$4-(NU8+NV8+NW8) -> 20 | NU8: =COUNTIF(MO8:NS8,"ป") -> 0 | NV8: =COUNTIF(MO8:NS8,"ล") -> 0 | NW8: =COUNTIF(MO8:NS8,"ข") -> 0 | PC8: =$PC$4-(PD8+PE8+PF8) -> 0 | PD8: =COUNTIF(NX8:PB8,"ป") -> 0 | PE8: =COUNTIF(NX8:PB8,"ล") -> 0 | PF8: =COUNTIF(NX8:PB8,"ข") -> 0 | PG8: =AH8 -> 11 | PH8: =BQ8 -> 19 | PI8: =CZ8 -> 20 | PJ8: =EI8 -> 21 | PK8: =FR8 -> 21 | PL8: =HA8 -> 6 | PM8: =IJ8 -> 21 | PN8: =JS8 -> 18 | PO8: =LB8 -> 22 | PP8: =MK8 -> 20 | PQ8: =NT8 -> 20 | PR8: =PC8 -> 0 | PS8: =SUM(PC8:PR8) -> 199 | PT8: =PS8*100/$PS$4 -> 99.5
A9: 4 | B9: ='ข้อมูลนร.2-3'!D7 -> เด็กชายจีรภัทร คันธมาตย์ | Y9: ป | AH9: =$AH$4-(AI9+AJ9+AK9) -> 10 | AI9: =COUNTIF(C9:AG9,"ป") -> 1 | AJ9: =COUNTIF(C9:AG9,"ล") -> 0 | AK9: =COUNTIF(C9:AG9,"ข") -> 0 | BQ9: =$BQ$4-(BR9+BS9+BT9) -> 19 | BR9: =COUNTIF(AL9:BP9,"ป") -> 0 | BS9: =COUNTIF(AL9:BP9,"ล") -> 0 | BT9: =COUNTIF(AL9:BP9,"ข") -> 0 | CR9: ล | CZ9: =$CZ$4-(DA9+DB9+DC9) -> 20 | DA9: =COUNTIF(BU9:CY9,"ป") -> 0 | DB9: =COUNTIF(BU9:CY9,"ล") -> 1 | DC9: =COUNTIF(BU9:CY9,"ข") -> 0 | EI9: =$EI$4-(EJ9+EK9+EL9) -> 21 | EJ9: =COUNTIF(DD9:EH9,"ป") -> 0 | EK9: =COUNTIF(DD9:EH9,"ล") -> 0 | EL9: =COUNTIF(DD9:EH9,"ข") -> 0 | FR9: =$FR$4-(FS9+FT9+FU9) -> 21 | FS9: =COUNTIF(EM9:FQ9,"ป") -> 0 | FT9: =COUNTIF(EM9:FQ9,"ล") -> 0 | FU9: =COUNTIF(EM9:FQ9,"ข") -> 0 | HA9: =$HA$4-(HB9+HC9+HD9) -> 6 | HB9: =COUNTIF(FV9:GZ9,"ป") -> 0 | HC9: =COUNTIF(FV9:GZ9,"ล") -> 0 | HD9: =COUNTIF(FV9:GZ9,"ข") -> 0 | HZ9: ล | IJ9: =$IJ$4-(IK9+IL9+IM9) -> 20 | IK9: =COUNTIF(HE9:II9,"ป") -> 0 | IL9: =COUNTIF(HE9:II9,"ล") -> 1 | IM9: =COUNTIF(HE9:II9,"ข") -> 0 | JS9: =$JS$4-(JT9+JU9+JV9) -> 18 | JT9: =COUNTIF(IN9:JR9,"ป") -> 0 | JU9: =COUNTIF(IN9:JR9,"ล") -> 0 | JV9: =COUNTIF(IN9:JR9,"ข") -> 0 | LB9: =$LB$4-(LC9+LD9+LE9) -> 22 | LC9: =COUNTIF(JW9:LA9,"ป") -> 0 | LD9: =COUNTIF(JW9:LA9,"ล") -> 0 | LE9: =COUNTIF(JW9:LA9,"ข") -> 0 | MK9: =$MK$4-(ML9+MM9+MN9) -> 20 | ML9: =COUNTIF(LF9:MJ9,"ป") -> 0 | MM9: =COUNTIF(LF9:MJ9,"ล") -> 0 | MN9: =COUNTIF(LF9:MJ9,"ข") -> 0 | NT9: =$NT$4-(NU9+NV9+NW9) -> 20 | NU9: =COUNTIF(MO9:NS9,"ป") -> 0 | NV9: =COUNTIF(MO9:NS9,"ล") -> 0 | NW9: =COUNTIF(MO9:NS9,"ข") -> 0 | PC9: =$PC$4-(PD9+PE9+PF9) -> 0 | PD9: =COUNTIF(NX9:PB9,"ป") -> 0 | PE9: =COUNTIF(NX9:PB9,"ล") -> 0 | PF9: =COUNTIF(NX9:PB9,"ข") -> 0 | PG9: =AH9 -> 10 | PH9: =BQ9 -> 19 | PI9: =CZ9 -> 20 | PJ9: =EI9 -> 21 | PK9: =FR9 -> 21 | PL9: =HA9 -> 6 | PM9: =IJ9 -> 20 | PN9: =JS9 -> 18 | PO9: =LB9 -> 22 | PP9: =MK9 -> 20 | PQ9: =NT9 -> 20 | PR9: =PC9 -> 0 | PS9: =SUM(PC9:PR9) -> 197 | PT9: =PS9*100/$PS$4 -> 98.5
A10: 5 | B10: ='ข้อมูลนร.2-3'!D8 -> เด็กชายปรวัฒน์ โพธิ์ศรี | AH10: =$AH$4-(AI10+AJ10+AK10) -> 11 | AI10: =COUNTIF(C10:AG10,"ป") -> 0 | AJ10: =COUNTIF(C10:AG10,"ล") -> 0 | AK10: =COUNTIF(C10:AG10,"ข") -> 0 | AU10: ล | BQ10: =$BQ$4-(BR10+BS10+BT10) -> 18 | BR10: =COUNTIF(AL10:BP10,"ป") -> 0 | BS10: =COUNTIF(AL10:BP10,"ล") -> 1 | BT10: =COUNTIF(AL10:BP10,"ข") -> 0 | CJ10: ล | CZ10: =$CZ$4-(DA10+DB10+DC10) -> 20 | DA10: =COUNTIF(BU10:CY10,"ป") -> 0 | DB10: =COUNTIF(BU10:CY10,"ล") -> 1 | DC10: =COUNTIF(BU10:CY10,"ข") -> 0 | DV10: ล | DW10: ล | EI10: =$EI$4-(EJ10+EK10+EL10) -> 19 | EJ10: =COUNTIF(DD10:EH10,"ป") -> 0 | EK10: =COUNTIF(DD10:EH10,"ล") -> 2 | EL10: =COUNTIF(DD10:EH10,"ข") -> 0 | FR10: =$FR$4-(FS10+FT10+FU10) -> 21 | FS10: =COUNTIF(EM10:FQ10,"ป") -> 0 | FT10: =COUNTIF(EM10:FQ10,"ล") -> 0 | FU10: =COUNTIF(EM10:FQ10,"ข") -> 0 | HA10: =$HA$4-(HB10+HC10+HD10) -> 6 | HB10: =COUNTIF(FV10:GZ10,"ป") -> 0 | HC10: =COUNTIF(FV10:GZ10,"ล") -> 0 | HD10: =COUNTIF(FV10:GZ10,"ข") -> 0 | IJ10: =$IJ$4-(IK10+IL10+IM10) -> 21 | IK10: =COUNTIF(HE10:II10,"ป") -> 0 | IL10: =COUNTIF(HE10:II10,"ล") -> 0 | IM10: =COUNTIF(HE10:II10,"ข") -> 0 | JS10: =$JS$4-(JT10+JU10+JV10) -> 18 | JT10: =COUNTIF(IN10:JR10,"ป") -> 0 | JU10: =COUNTIF(IN10:JR10,"ล") -> 0 | JV10: =COUNTIF(IN10:JR10,"ข") -> 0 | LB10: =$LB$4-(LC10+LD10+LE10) -> 22 | LC10: =COUNTIF(JW10:LA10,"ป") -> 0 | LD10: =COUNTIF(JW10:LA10,"ล") -> 0 | LE10: =COUNTIF(JW10:LA10,"ข") -> 0 | MK10: =$MK$4-(ML10+MM10+MN10) -> 20 | ML10: =COUNTIF(LF10:MJ10,"ป") -> 0 | MM10: =COUNTIF(LF10:MJ10,"ล") -> 0 | MN10: =COUNTIF(LF10:MJ10,"ข") -> 0 | NT10: =$NT$4-(NU10+NV10+NW10) -> 20 | NU10: =COUNTIF(MO10:NS10,"ป") -> 0 | NV10: =COUNTIF(MO10:NS10,"ล") -> 0 | NW10: =COUNTIF(MO10:NS10,"ข") -> 0 | PC10: =$PC$4-(PD10+PE10+PF10) -> 0 | PD10: =COUNTIF(NX10:PB10,"ป") -> 0 | PE10: =COUNTIF(NX10:PB10,"ล") -> 0 | PF10: =COUNTIF(NX10:PB10,"ข") -> 0 | PG10: =AH10 -> 11 | PH10: =BQ10 -> 18 | PI10: =CZ10 -> 20 | PJ10: =EI10 -> 19 | PK10: =FR10 -> 21 | PL10: =HA10 -> 6 | PM10: =IJ10 -> 21 | PN10: =JS10 -> 18 | PO10: =LB10 -> 22 | PP10: =MK10 -> 20 | PQ10: =NT10 -> 20 | PR10: =PC10 -> 0 | PS10: =SUM(PC10:PR10) -> 196 | PT10: =PS10*100/$PS$4 -> 98
A11: 6 | B11: ='ข้อมูลนร.2-3'!D9 -> เด็กชายพีรภาพ วงคำใหญ่ | AA11: ป | AH11: =$AH$4-(AI11+AJ11+AK11) -> 10 | AI11: =COUNTIF(C11:AG11,"ป") -> 1 | AJ11: =COUNTIF(C11:AG11,"ล") -> 0 | AK11: =COUNTIF(C11:AG11,"ข") -> 0 | BQ11: =$BQ$4-(BR11+BS11+BT11) -> 19 | BR11: =COUNTIF(AL11:BP11,"ป") -> 0 | BS11: =COUNTIF(AL11:BP11,"ล") -> 0 | CZ11: =$CZ$4-(DA11+DB11+DC11) -> 21 | DA11: =COUNTIF(BU11:CY11,"ป") -> 0 | DB11: =COUNTIF(BU11:CY11,"ล") -> 0 | DC11: =COUNTIF(BU11:CY11,"ข") -> 0 | EI11: =$EI$4-(EJ11+EK11+EL11) -> 21 | EJ11: =COUNTIF(DD11:EH11,"ป") -> 0 | EK11: =COUNTIF(DD11:EH11,"ล") -> 0 | EL11: =COUNTIF(DD11:EH11,"ข") -> 0 | FR11: =$FR$4-(FS11+FT11+FU11) -> 21 | FS11: =COUNTIF(EM11:FQ11,"ป") -> 0 | FT11: =COUNTIF(EM11:FQ11,"ล") -> 0 | FU11: =COUNTIF(EM11:FQ11,"ข") -> 0 | HA11: =$HA$4-(HB11+HC11+HD11) -> 6 | HB11: =COUNTIF(FV11:GZ11,"ป") -> 0 | HC11: =COUNTIF(FV11:GZ11,"ล") -> 0 | HD11: =COUNTIF(FV11:GZ11,"ข") -> 0 | IJ11: =$IJ$4-(IK11+IL11+IM11) -> 21 | IK11: =COUNTIF(HE11:II11,"ป") -> 0 | IL11: =COUNTIF(HE11:II11,"ล") -> 0 | IM11: =COUNTIF(HE11:II11,"ข") -> 0 | JS11: =$JS$4-(JT11+JU11+JV11) -> 18 | JT11: =COUNTIF(IN11:JR11,"ป") -> 0 | JU11: =COUNTIF(IN11:JR11,"ล") -> 0 | JV11: =COUNTIF(IN11:JR11,"ข") -> 0 | LB11: =$LB$4-(LC11+LD11+LE11) -> 22 | LC11: =COUNTIF(JW11:LA11,"ป") -> 0 | LD11: =COUNTIF(JW11:LA11,"ล") -> 0 | LE11: =COUNTIF(JW11:LA11,"ข") -> 0 | MK11: =$MK$4-(ML11+MM11+MN11) -> 20 | ML11: =COUNTIF(LF11:MJ11,"ป") -> 0 | MM11: =COUNTIF(LF11:MJ11,"ล") -> 0 | MN11: =COUNTIF(LF11:MJ11,"ข") -> 0 | NT11: =$NT$4-(NU11+NV11+NW11) -> 20 | NU11: =COUNTIF(MO11:NS11,"ป") -> 0 | NV11: =COUNTIF(MO11:NS11,"ล") -> 0 | NW11: =COUNTIF(MO11:NS11,"ข") -> 0 | PC11: =$PC$4-(PD11+PE11+PF11) -> 0 | PD11: =COUNTIF(NX11:PB11,"ป") -> 0 | PE11: =COUNTIF(NX11:PB11,"ล") -> 0 | PF11: =COUNTIF(NX11:PB11,"ข") -> 0 | PG11: =AH11 -> 10 | PH11: =BQ11 -> 19 | PI11: =CZ11 -> 21 | PJ11: =EI11 -> 21 | PK11: =FR11 -> 21 | PL11: =HA11 -> 6 | PM11: =IJ11 -> 21 | PN11: =JS11 -> 18 | PO11: =LB11 -> 22 | PP11: =MK11 -> 20 | PQ11: =NT11 -> 20 | PR11: =PC11 -> 0 | PS11: =SUM(PC11:PR11) -> 199 | PT11: =PS11*100/$PS$4 -> 99.5
A12: 7 | B12: ='ข้อมูลนร.2-3'!D10 -> เด็กหญิงกมลรัตน์ แสดคง | AH12: =$AH$4-(AI12+AJ12+AK12) -> 11 | AI12: =COUNTIF(C12:AG12,"ป") -> 0 | AJ12: =COUNTIF(C12:AG12,"ล") -> 0 | AK12: =COUNTIF(C12:AG12,"ข") -> 0 | AY12: ล | BQ12: =$BQ$4-(BR12+BS12+BT12) -> 18 | BR12: =COUNTIF(AL12:BP12,"ป") -> 0 | BS12: =COUNTIF(AL12:BP12,"ล") -> 1 | CZ12: =$CZ$4-(DA12+DB12+DC12) -> 21 | DA12: =COUNTIF(BU12:CY12,"ป") -> 0 | DB12: =COUNTIF(BU12:CY12,"ล") -> 0 | DC12: =COUNTIF(BU12:CY12,"ข") -> 0 | EI12: =$EI$4-(EJ12+EK12+EL12) -> 21 | EJ12: =COUNTIF(DD12:EH12,"ป") -> 0 | EK12: =COUNTIF(DD12:EH12,"ล") -> 0 | EL12: =COUNTIF(DD12:EH12,"ข") -> 0 | FR12: =$FR$4-(FS12+FT12+FU12) -> 21 | FS12: =COUNTIF(EM12:FQ12,"ป") -> 0 | FT12: =COUNTIF(EM12:FQ12,"ล") -> 0 | FU12: =COUNTIF(EM12:FQ12,"ข") -> 0 | HA12: =$HA$4-(HB12+HC12+HD12) -> 6 | HB12: =COUNTIF(FV12:GZ12,"ป") -> 0 | HC12: =COUNTIF(FV12:GZ12,"ล") -> 0 | HD12: =COUNTIF(FV12:GZ12,"ข") -> 0 | IJ12: =$IJ$4-(IK12+IL12+IM12) -> 21 | IK12: =COUNTIF(HE12:II12,"ป") -> 0 | IL12: =COUNTIF(HE12:II12,"ล") -> 0 | IM12: =COUNTIF(HE12:II12,"ข") -> 0 | JS12: =$JS$4-(JT12+JU12+JV12) -> 18 | JT12: =COUNTIF(IN12:JR12,"ป") -> 0 | JU12: =COUNTIF(IN12:JR12,"ล") -> 0 | JV12: =COUNTIF(IN12:JR12,"ข") -> 0 | LB12: =$LB$4-(LC12+LD12+LE12) -> 22 | LC12: =COUNTIF(JW12:LA12,"ป") -> 0 | LD12: =COUNTIF(JW12:LA12,"ล") -> 0 | LE12: =COUNTIF(JW12:LA12,"ข") -> 0 | MK12: =$MK$4-(ML12+MM12+MN12) -> 20 | ML12: =COUNTIF(LF12:MJ12,"ป") -> 0 | MM12: =COUNTIF(LF12:MJ12,"ล") -> 0 | MN12: =COUNTIF(LF12:MJ12,"ข") -> 0 | NT12: =$NT$4-(NU12+NV12+NW12) -> 20 | NU12: =COUNTIF(MO12:NS12,"ป") -> 0 | NV12: =COUNTIF(MO12:NS12,"ล") -> 0 | NW12: =COUNTIF(MO12:NS12,"ข") -> 0 | PC12: =$PC$4-(PD12+PE12+PF12) -> 0 | PD12: =COUNTIF(NX12:PB12,"ป") -> 0 | PE12: =COUNTIF(NX12:PB12,"ล") -> 0 | PF12: =COUNTIF(NX12:PB12,"ข") -> 0 | PG12: =AH12 -> 11 | PH12: =BQ12 -> 18 | PI12: =CZ12 -> 21 | PJ12: =EI12 -> 21 | PK12: =FR12 -> 21 | PL12: =HA12 -> 6 | PM12: =IJ12 -> 21 | PN12: =JS12 -> 18 | PO12: =LB12 -> 22 | PP12: =MK12 -> 20 | PQ12: =NT12 -> 20 | PR12: =PC12 -> 0 | PS12: =SUM(PC12:PR12) -> 199 | PT12: =PS12*100/$PS$4 -> 99.5
A13: 8 | B13: ='ข้อมูลนร.2-3'!D11 -> เด็กหญิงกัลยรัตน์ ทึงสุข | AB13: ล | AH13: =$AH$4-(AI13+AJ13+AK13) -> 10 | AI13: =COUNTIF(C13:AG13,"ป") -> 0 | AJ13: =COUNTIF(C13:AG13,"ล") -> 1 | AK13: =COUNTIF(C13:AG13,"ข") -> 0 | BQ13: =$BQ$4-(BR13+BS13+BT13) -> 19 | BR13: =COUNTIF(AL13:BP13,"ป") -> 0 | BS13: =COUNTIF(AL13:BP13,"ล") -> 0 | CZ13: =$CZ$4-(DA13+DB13+DC13) -> 21 | DA13: =COUNTIF(BU13:CY13,"ป") -> 0 | DB13: =COUNTIF(BU13:CY13,"ล") -> 0 | DC13: =COUNTIF(BU13:CY13,"ข") -> 0 | EI13: =$EI$4-(EJ13+EK13+EL13) -> 21 | EJ13: =COUNTIF(DD13:EH13,"ป") -> 0 | EK13: =COUNTIF(DD13:EH13,"ล") -> 0 | EL13: =COUNTIF(DD13:EH13,"ข") -> 0 | FR13: =$FR$4-(FS13+FT13+FU13) -> 21 | FS13: =COUNTIF(EM13:FQ13,"ป") -> 0 | FT13: =COUNTIF(EM13:FQ13,"ล") -> 0 | FU13: =COUNTIF(EM13:FQ13,"ข") -> 0 | HA13: =$HA$4-(HB13+HC13+HD13) -> 6 | HB13: =COUNTIF(FV13:GZ13,"ป") -> 0 | HC13: =COUNTIF(FV13:GZ13,"ล") -> 0 | HD13: =COUNTIF(FV13:GZ13,"ข") -> 0 | IJ13: =$IJ$4-(IK13+IL13+IM13) -> 21 | IK13: =COUNTIF(HE13:II13,"ป") -> 0 | IL13: =COUNTIF(HE13:II13,"ล") -> 0 | IM13: =COUNTIF(HE13:II13,"ข") -> 0 | JS13: =$JS$4-(JT13+JU13+JV13) -> 18 | JT13: =COUNTIF(IN13:JR13,"ป") -> 0 | JU13: =COUNTIF(IN13:JR13,"ล") -> 0 | JV13: =COUNTIF(IN13:JR13,"ข") -> 0 | LB13: =$LB$4-(LC13+LD13+LE13) -> 22 | LC13: =COUNTIF(JW13:LA13,"ป") -> 0 | LD13: =COUNTIF(JW13:LA13,"ล") -> 0 | LE13: =COUNTIF(JW13:LA13,"ข") -> 0 | MK13: =$MK$4-(ML13+MM13+MN13) -> 20 | ML13: =COUNTIF(LF13:MJ13,"ป") -> 0 | MM13: =COUNTIF(LF13:MJ13,"ล") -> 0 | MN13: =COUNTIF(LF13:MJ13,"ข") -> 0 | NT13: =$NT$4-(NU13+NV13+NW13) -> 20 | NU13: =COUNTIF(MO13:NS13,"ป") -> 0 | NV13: =COUNTIF(MO13:NS13,"ล") -> 0 | NW13: =COUNTIF(MO13:NS13,"ข") -> 0 | PC13: =$PC$4-(PD13+PE13+PF13) -> 0 | PD13: =COUNTIF(NX13:PB13,"ป") -> 0 | PE13: =COUNTIF(NX13:PB13,"ล") -> 0 | PF13: =COUNTIF(NX13:PB13,"ข") -> 0 | PG13: =AH13 -> 10 | PH13: =BQ13 -> 19 | PI13: =CZ13 -> 21 | PJ13: =EI13 -> 21 | PK13: =FR13 -> 21 | PL13: =HA13 -> 6 | PM13: =IJ13 -> 21 | PN13: =JS13 -> 18 | PO13: =LB13 -> 22 | PP13: =MK13 -> 20 | PQ13: =NT13 -> 20 | PR13: =PC13 -> 0 | PS13: =SUM(PC13:PR13) -> 199 | PT13: =PS13*100/$PS$4 -> 99.5
A14: 9 | B14: ='ข้อมูลนร.2-3'!D12 -> เด็กหญิงนิตยา พละโท | AH14: =$AH$4-(AI14+AJ14+AK14) -> 11 | AI14: =COUNTIF(C14:AG14,"ป") -> 0 | AJ14: =COUNTIF(C14:AG14,"ล") -> 0 | AK14: =COUNTIF(C14:AG14,"ข") -> 0 | BK14: ล | BQ14: =$BQ$4-(BR14+BS14+BT14) -> 18 | BR14: =COUNTIF(AL14:BP14,"ป") -> 0 | BS14: =COUNTIF(AL14:BP14,"ล") -> 1 | CZ14: =$CZ$4-(DA14+DB14+DC14) -> 21 | DA14: =COUNTIF(BU14:CY14,"ป") -> 0 | DB14: =COUNTIF(BU14:CY14,"ล") -> 0 | DC14: =COUNTIF(BU14:CY14,"ข") -> 0 | EI14: =$EI$4-(EJ14+EK14+EL14) -> 21 | EJ14: =COUNTIF(DD14:EH14,"ป") -> 0 | EK14: =COUNTIF(DD14:EH14,"ล") -> 0 | EL14: =COUNTIF(DD14:EH14,"ข") -> 0 | FR14: =$FR$4-(FS14+FT14+FU14) -> 21 | FS14: =COUNTIF(EM14:FQ14,"ป") -> 0 | FT14: =COUNTIF(EM14:FQ14,"ล") -> 0 | FU14: =COUNTIF(EM14:FQ14,"ข") -> 0 | HA14: =$HA$4-(HB14+HC14+HD14) -> 6 | HB14: =COUNTIF(FV14:GZ14,"ป") -> 0 | HC14: =COUNTIF(FV14:GZ14,"ล") -> 0 | HD14: =COUNTIF(FV14:GZ14,"ข") -> 0 | IJ14: =$IJ$4-(IK14+IL14+IM14) -> 21 | IK14: =COUNTIF(HE14:II14,"ป") -> 0 | IL14: =COUNTIF(HE14:II14,"ล") -> 0 | IM14: =COUNTIF(HE14:II14,"ข") -> 0 | JS14: =$JS$4-(JT14+JU14+JV14) -> 18 | JT14: =COUNTIF(IN14:JR14,"ป") -> 0 | JU14: =COUNTIF(IN14:JR14,"ล") -> 0 | JV14: =COUNTIF(IN14:JR14,"ข") -> 0 | LB14: =$LB$4-(LC14+LD14+LE14) -> 22 | LC14: =COUNTIF(JW14:LA14,"ป") -> 0 | LD14: =COUNTIF(JW14:LA14,"ล") -> 0 | LE14: =COUNTIF(JW14:LA14,"ข") -> 0 | MK14: =$MK$4-(ML14+MM14+MN14) -> 20 | ML14: =COUNTIF(LF14:MJ14,"ป") -> 0 | MM14: =COUNTIF(LF14:MJ14,"ล") -> 0 | MN14: =COUNTIF(LF14:MJ14,"ข") -> 0 | NT14: =$NT$4-(NU14+NV14+NW14) -> 20 | NU14: =COUNTIF(MO14:NS14,"ป") -> 0 | NV14: =COUNTIF(MO14:NS14,"ล") -> 0 | NW14: =COUNTIF(MO14:NS14,"ข") -> 0 | PC14: =$PC$4-(PD14+PE14+PF14) -> 0 | PD14: =COUNTIF(NX14:PB14,"ป") -> 0 | PE14: =COUNTIF(NX14:PB14,"ล") -> 0 | PF14: =COUNTIF(NX14:PB14,"ข") -> 0 | PG14: =AH14 -> 11 | PH14: =BQ14 -> 18 | PI14: =CZ14 -> 21 | PJ14: =EI14 -> 21 | PK14: =FR14 -> 21 | PL14: =HA14 -> 6 | PM14: =IJ14 -> 21 | PN14: =JS14 -> 18 | PO14: =LB14 -> 22 | PP14: =MK14 -> 20 | PQ14: =NT14 -> 20 | PR14: =PC14 -> 0 | PS14: =SUM(PC14:PR14) -> 199 | PT14: =PS14*100/$PS$4 -> 99.5
A15: 10 | B15: ='ข้อมูลนร.2-3'!D13 -> เด็กหญิงบัณฑิตา เบ้าพงษ์ | AH15: =$AH$4-(AI15+AJ15+AK15) -> 11 | AI15: =COUNTIF(C15:AG15,"ป") -> 0 | AJ15: =COUNTIF(C15:AG15,"ล") -> 0 | AK15: =COUNTIF(C15:AG15,"ข") -> 0 | BQ15: =$BQ$4-(BR15+BS15+BT15) -> 19 | BR15: =COUNTIF(AL15:BP15,"ป") -> 0 | BS15: =COUNTIF(AL15:BP15,"ล") -> 0 | CZ15: =$CZ$4-(DA15+DB15+DC15) -> 21 | DA15: =COUNTIF(BU15:CY15,"ป") -> 0 | DB15: =COUNTIF(BU15:CY15,"ล") -> 0 | DC15: =COUNTIF(BU15:CY15,"ข") -> 0 | EI15: =$EI$4-(EJ15+EK15+EL15) -> 21 | EJ15: =COUNTIF(DD15:EH15,"ป") -> 0 | EK15: =COUNTIF(DD15:EH15,"ล") -> 0 | EL15: =COUNTIF(DD15:EH15,"ข") -> 0 | FR15: =$FR$4-(FS15+FT15+FU15) -> 21 | FS15: =COUNTIF(EM15:FQ15,"ป") -> 0 | FT15: =COUNTIF(EM15:FQ15,"ล") -> 0 | FU15: =COUNTIF(EM15:FQ15,"ข") -> 0 | HA15: =$HA$4-(HB15+HC15+HD15) -> 6 | HB15: =COUNTIF(FV15:GZ15,"ป") -> 0 | HC15: =COUNTIF(FV15:GZ15,"ล") -> 0 | HD15: =COUNTIF(FV15:GZ15,"ข") -> 0 | IJ15: =$IJ$4-(IK15+IL15+IM15) -> 21 | IK15: =COUNTIF(HE15:II15,"ป") -> 0 | IL15: =COUNTIF(HE15:II15,"ล") -> 0 | IM15: =COUNTIF(HE15:II15,"ข") -> 0 | JS15: =$JS$4-(JT15+JU15+JV15) -> 18 | JT15: =COUNTIF(IN15:JR15,"ป") -> 0 | JU15: =COUNTIF(IN15:JR15,"ล") -> 0 | JV15: =COUNTIF(IN15:JR15,"ข") -> 0 | LB15: =$LB$4-(LC15+LD15+LE15) -> 22 | LC15: =COUNTIF(JW15:LA15,"ป") -> 0 | LD15: =COUNTIF(JW15:LA15,"ล") -> 0 | LE15: =COUNTIF(JW15:LA15,"ข") -> 0 | MK15: =$MK$4-(ML15+MM15+MN15) -> 20 | ML15: =COUNTIF(LF15:MJ15,"ป") -> 0 | MM15: =COUNTIF(LF15:MJ15,"ล") -> 0 | MN15: =COUNTIF(LF15:MJ15,"ข") -> 0 | NT15: =$NT$4-(NU15+NV15+NW15) -> 20 | NU15: =COUNTIF(MO15:NS15,"ป") -> 0 | NV15: =COUNTIF(MO15:NS15,"ล") -> 0 | NW15: =COUNTIF(MO15:NS15,"ข") -> 0 | PC15: =$PC$4-(PD15+PE15+PF15) -> 0 | PD15: =COUNTIF(NX15:PB15,"ป") -> 0 | PE15: =COUNTIF(NX15:PB15,"ล") -> 0 | PF15: =COUNTIF(NX15:PB15,"ข") -> 0 | PG15: =AH15 -> 11 | PH15: =BQ15 -> 19 | PI15: =CZ15 -> 21 | PJ15: =EI15 -> 21 | PK15: =FR15 -> 21 | PL15: =HA15 -> 6 | PM15: =IJ15 -> 21 | PN15: =JS15 -> 18 | PO15: =LB15 -> 22 | PP15: =MK15 -> 20 | PQ15: =NT15 -> 20 | PR15: =PC15 -> 0 | PS15: =SUM(PC15:PR15) -> 200 | PT15: =PS15*100/$PS$4 -> 100
A16: 11 | B16: ='ข้อมูลนร.2-3'!D14 -> เด็กหญิงพัชรกัญญ์ บาลนาคม | AH16: =$AH$4-(AI16+AJ16+AK16) -> 11 | AI16: =COUNTIF(C16:AG16,"ป") -> 0 | AJ16: =COUNTIF(C16:AG16,"ล") -> 0 | AK16: =COUNTIF(C16:AG16,"ข") -> 0 | BQ16: =$BQ$4-(BR16+BS16+BT16) -> 19 | BR16: =COUNTIF(AL16:BP16,"ป") -> 0 | BS16: =COUNTIF(AL16:BP16,"ล") -> 0 | CZ16: =$CZ$4-(DA16+DB16+DC16) -> 21 | DA16: =COUNTIF(BU16:CY16,"ป") -> 0 | DB16: =COUNTIF(BU16:CY16,"ล") -> 0 | DC16: =COUNTIF(BU16:CY16,"ข") -> 0 | EI16: =$EI$4-(EJ16+EK16+EL16) -> 21 | EJ16: =COUNTIF(DD16:EH16,"ป") -> 0 | EK16: =COUNTIF(DD16:EH16,"ล") -> 0 | EL16: =COUNTIF(DD16:EH16,"ข") -> 0 | FR16: =$FR$4-(FS16+FT16+FU16) -> 21 | FS16: =COUNTIF(EM16:FQ16,"ป") -> 0 | FT16: =COUNTIF(EM16:FQ16,"ล") -> 0 | FU16: =COUNTIF(EM16:FQ16,"ข") -> 0 | HA16: =$HA$4-(HB16+HC16+HD16) -> 6 | HB16: =COUNTIF(FV16:GZ16,"ป") -> 0 | HC16: =COUNTIF(FV16:GZ16,"ล") -> 0 | HD16: =COUNTIF(FV16:GZ16,"ข") -> 0 | IJ16: =$IJ$4-(IK16+IL16+IM16) -> 21 | IK16: =COUNTIF(HE16:II16,"ป") -> 0 | IL16: =COUNTIF(HE16:II16,"ล") -> 0 | IM16: =COUNTIF(HE16:II16,"ข") -> 0 | JS16: =$JS$4-(JT16+JU16+JV16) -> 18 | JT16: =COUNTIF(IN16:JR16,"ป") -> 0 | JU16: =COUNTIF(IN16:JR16,"ล") -> 0 | JV16: =COUNTIF(IN16:JR16,"ข") -> 0 | LB16: =$LB$4-(LC16+LD16+LE16) -> 22 | LC16: =COUNTIF(JW16:LA16,"ป") -> 0 | LD16: =COUNTIF(JW16:LA16,"ล") -> 0 | LE16: =COUNTIF(JW16:LA16,"ข") -> 0 | MK16: =$MK$4-(ML16+MM16+MN16) -> 20 | ML16: =COUNTIF(LF16:MJ16,"ป") -> 0 | MM16: =COUNTIF(LF16:MJ16,"ล") -> 0 | MN16: =COUNTIF(LF16:MJ16,"ข") -> 0 | NT16: =$NT$4-(NU16+NV16+NW16) -> 20 | NU16: =COUNTIF(MO16:NS16,"ป") -> 0 | NV16: =COUNTIF(MO16:NS16,"ล") -> 0 | NW16: =COUNTIF(MO16:NS16,"ข") -> 0 | PC16: =$PC$4-(PD16+PE16+PF16) -> 0 | PD16: =COUNTIF(NX16:PB16,"ป") -> 0 | PE16: =COUNTIF(NX16:PB16,"ล") -> 0 | PF16: =COUNTIF(NX16:PB16,"ข") -> 0 | PG16: =AH16 -> 11 | PH16: =BQ16 -> 19 | PI16: =CZ16 -> 21 | PJ16: =EI16 -> 21 | PK16: =FR16 -> 21 | PL16: =HA16 -> 6 | PM16: =IJ16 -> 21 | PN16: =JS16 -> 18 | PO16: =LB16 -> 22 | PP16: =MK16 -> 20 | PQ16: =NT16 -> 20 | PR16: =PC16 -> 0 | PS16: =SUM(PC16:PR16) -> 200 | PT16: =PS16*100/$PS$4 -> 100
A17: 12 | B17: ='ข้อมูลนร.2-3'!D15 -> เด็กหญิงสุวิชาดา ชูจิตร | AH17: =$AH$4-(AI17+AJ17+AK17) -> 11 | AI17: =COUNTIF(C17:AG17,"ป") -> 0 | AJ17: =COUNTIF(C17:AG17,"ล") -> 0 | AK17: =COUNTIF(C17:AG17,"ข") -> 0 | BQ17: =$BQ$4-(BR17+BS17+BT17) -> 19 | BR17: =COUNTIF(AL17:BP17,"ป") -> 0 | BS17: =COUNTIF(AL17:BP17,"ล") -> 0 | CZ17: =$CZ$4-(DA17+DB17+DC17) -> 21 | DA17: =COUNTIF(BU17:CY17,"ป") -> 0 | DB17: =COUNTIF(BU17:CY17,"ล") -> 0 | DC17: =COUNTIF(BU17:CY17,"ข") -> 0 | EI17: =$EI$4-(EJ17+EK17+EL17) -> 21 | EJ17: =COUNTIF(DD17:EH17,"ป") -> 0 | EK17: =COUNTIF(DD17:EH17,"ล") -> 0 | EL17: =COUNTIF(DD17:EH17,"ข") -> 0 | FR17: =$FR$4-(FS17+FT17+FU17) -> 21 | FS17: =COUNTIF(EM17:FQ17,"ป") -> 0 | FT17: =COUNTIF(EM17:FQ17,"ล") -> 0 | FU17: =COUNTIF(EM17:FQ17,"ข") -> 0 | HA17: =$HA$4-(HB17+HC17+HD17) -> 6 | HB17: =COUNTIF(FV17:GZ17,"ป") -> 0 | HC17: =COUNTIF(FV17:GZ17,"ล") -> 0 | HD17: =COUNTIF(FV17:GZ17,"ข") -> 0 | IJ17: =$IJ$4-(IK17+IL17+IM17) -> 21 | IK17: =COUNTIF(HE17:II17,"ป") -> 0 | IL17: =COUNTIF(HE17:II17,"ล") -> 0 | IM17: =COUNTIF(HE17:II17,"ข") -> 0 | JS17: =$JS$4-(JT17+JU17+JV17) -> 18 | JT17: =COUNTIF(IN17:JR17,"ป") -> 0 | JU17: =COUNTIF(IN17:JR17,"ล") -> 0 | JV17: =COUNTIF(IN17:JR17,"ข") -> 0 | LB17: =$LB$4-(LC17+LD17+LE17) -> 22 | LC17: =COUNTIF(JW17:LA17,"ป") -> 0 | LD17: =COUNTIF(JW17:LA17,"ล") -> 0 | LE17: =COUNTIF(JW17:LA17,"ข") -> 0 | MK17: =$MK$4-(ML17+MM17+MN17) -> 20 | ML17: =COUNTIF(LF17:MJ17,"ป") -> 0 | MM17: =COUNTIF(LF17:MJ17,"ล") -> 0 | MN17: =COUNTIF(LF17:MJ17,"ข") -> 0 | NT17: =$NT$4-(NU17+NV17+NW17) -> 20 | NU17: =COUNTIF(MO17:NS17,"ป") -> 0 | NV17: =COUNTIF(MO17:NS17,"ล") -> 0 | NW17: =COUNTIF(MO17:NS17,"ข") -> 0 | PC17: =$PC$4-(PD17+PE17+PF17) -> 0 | PD17: =COUNTIF(NX17:PB17,"ป") -> 0 | PE17: =COUNTIF(NX17:PB17,"ล") -> 0 | PF17: =COUNTIF(NX17:PB17,"ข") -> 0 | PG17: =AH17 -> 11 | PH17: =BQ17 -> 19 | PI17: =CZ17 -> 21 | PJ17: =EI17 -> 21 | PK17: =FR17 -> 21 | PL17: =HA17 -> 6 | PM17: =IJ17 -> 21 | PN17: =JS17 -> 18 | PO17: =LB17 -> 22 | PP17: =MK17 -> 20 | PQ17: =NT17 -> 20 | PR17: =PC17 -> 0 | PS17: =SUM(PC17:PR17) -> 200 | PT17: =PS17*100/$PS$4 -> 100
A18: 13 | B18: ='ข้อมูลนร.2-3'!D16 -> เด็กหญิงปุญญิศา อุปทุม | W18: ล | AH18: =$AH$4-(AI18+AJ18+AK18) -> 10 | AI18: =COUNTIF(C18:AG18,"ป") -> 0 | AJ18: =COUNTIF(C18:AG18,"ล") -> 1 | AK18: =COUNTIF(C18:AG18,"ข") -> 0 | BQ18: =$BQ$4-(BR18+BS18+BT18) -> 19 | BR18: =COUNTIF(AL18:BP18,"ป") -> 0 | BS18: =COUNTIF(AL18:BP18,"ล") -> 0 | CZ18: =$CZ$4-(DA18+DB18+DC18) -> 21 | DA18: =COUNTIF(BU18:CY18,"ป") -> 0 | DB18: =COUNTIF(BU18:CY18,"ล") -> 0 | DC18: =COUNTIF(BU18:CY18,"ข") -> 0 | EI18: =$EI$4-(EJ18+EK18+EL18) -> 21 | EJ18: =COUNTIF(DD18:EH18,"ป") -> 0 | EK18: =COUNTIF(DD18:EH18,"ล") -> 0 | EL18: =COUNTIF(DD18:EH18,"ข") -> 0 | FR18: =$FR$4-(FS18+FT18+FU18) -> 21 | FS18: =COUNTIF(EM18:FQ18,"ป") -> 0 | FT18: =COUNTIF(EM18:FQ18,"ล") -> 0 | FU18: =COUNTIF(EM18:FQ18,"ข") -> 0 | HA18: =$HA$4-(HB18+HC18+HD18) -> 6 | HB18: =COUNTIF(FV18:GZ18,"ป") -> 0 | HC18: =COUNTIF(FV18:GZ18,"ล") -> 0 | HD18: =COUNTIF(FV18:GZ18,"ข") -> 0 | IJ18: =$IJ$4-(IK18+IL18+IM18) -> 21 | IK18: =COUNTIF(HE18:II18,"ป") -> 0 | IL18: =COUNTIF(HE18:II18,"ล") -> 0 | IM18: =COUNTIF(HE18:II18,"ข") -> 0 | JS18: =$JS$4-(JT18+JU18+JV18) -> 18 | JT18: =COUNTIF(IN18:JR18,"ป") -> 0 | JU18: =COUNTIF(IN18:JR18,"ล") -> 0 | JV18: =COUNTIF(IN18:JR18,"ข") -> 0 | LB18: =$LB$4-(LC18+LD18+LE18) -> 22 | LC18: =COUNTIF(JW18:LA18,"ป") -> 0 | LD18: =COUNTIF(JW18:LA18,"ล") -> 0 | LE18: =COUNTIF(JW18:LA18,"ข") -> 0 | MK18: =$MK$4-(ML18+MM18+MN18) -> 20 | ML18: =COUNTIF(LF18:MJ18,"ป") -> 0 | MM18: =COUNTIF(LF18:MJ18,"ล") -> 0 | MN18: =COUNTIF(LF18:MJ18,"ข") -> 0 | NT18: =$NT$4-(NU18+NV18+NW18) -> 20 | NU18: =COUNTIF(MO18:NS18,"ป") -> 0 | NV18: =COUNTIF(MO18:NS18,"ล") -> 0 | NW18: =COUNTIF(MO18:NS18,"ข") -> 0 | PC18: =$PC$4-(PD18+PE18+PF18) -> 0 | PD18: =COUNTIF(NX18:PB18,"ป") -> 0 | PE18: =COUNTIF(NX18:PB18,"ล") -> 0 | PF18: =COUNTIF(NX18:PB18,"ข") -> 0 | PG18: =AH18 -> 10 | PH18: =BQ18 -> 19 | PI18: =CZ18 -> 21 | PJ18: =EI18 -> 21 | PK18: =FR18 -> 21 | PL18: =HA18 -> 6 | PM18: =IJ18 -> 21 | PN18: =JS18 -> 18 | PO18: =LB18 -> 22 | PP18: =MK18 -> 20 | PQ18: =NT18 -> 20 | PR18: =PC18 -> 0 | PS18: =SUM(PC18:PR18) -> 199 | PT18: =PS18*100/$PS$4 -> 99.5
A19: 15
A20: 16
A21: 17
A22: 18
A23: 19
A24: 20
A25: 21
A26: 22
A27: 23
A28: 24 | CZ28: =$CZ$4-(DA28+DB28+DC28) -> 21 | DA28: =COUNTIF(BU28:CY28,"ป") -> 0 | DB28: =COUNTIF(BU28:CY28,"ล") -> 0 | DC28: =COUNTIF(BU28:CY28,"ข") -> 0 | EI28: =$EI$4-(EJ28+EK28+EL28) -> 21 | EJ28: =COUNTIF(DD28:EH28,"ป") -> 0 | EK28: =COUNTIF(DD28:EH28,"ล") -> 0 | EL28: =COUNTIF(DD28:EH28,"ข") -> 0
A29: 25 | CZ29: =$CZ$4-(DA29+DB29+DC29) -> 21 | DA29: =COUNTIF(BU29:CY29,"ป") -> 0 | DB29: =COUNTIF(BU29:CY29,"ล") -> 0 | DC29: =COUNTIF(BU29:CY29,"ข") -> 0 | EI29: =$EI$4-(EJ29+EK29+EL29) -> 21 | EJ29: =COUNTIF(DD29:EH29,"ป") -> 0 | EK29: =COUNTIF(DD29:EH29,"ล") -> 0 | EL29: =COUNTIF(DD29:EH29,"ข") -> 0
A30: 26 | CZ30: =$CZ$4-(DA30+DB30+DC30) -> 21 | DA30: =COUNTIF(BU30:CY30,"ป") -> 0 | DB30: =COUNTIF(BU30:CY30,"ล") -> 0 | DC30: =COUNTIF(BU30:CY30,"ข") -> 0 | EI30: =$EI$4-(EJ30+EK30+EL30) -> 21 | EJ30: =COUNTIF(DD30:EH30,"ป") -> 0 | EK30: =COUNTIF(DD30:EH30,"ล") -> 0 | EL30: =COUNTIF(DD30:EH30,"ข") -> 0
A31: 27 | CZ31: =$CZ$4-(DA31+DB31+DC31) -> 21 | DA31: =COUNTIF(BU31:CY31,"ป") -> 0 | DB31: =COUNTIF(BU31:CY31,"ล") -> 0 | DC31: =COUNTIF(BU31:CY31,"ข") -> 0 | EI31: =$EI$4-(EJ31+EK31+EL31) -> 21 | EJ31: =COUNTIF(DD31:EH31,"ป") -> 0 | EK31: =COUNTIF(DD31:EH31,"ล") -> 0 | EL31: =COUNTIF(DD31:EH31,"ข") -> 0
A32: 28 | CZ32: =$CZ$4-(DA32+DB32+DC32) -> 21 | DA32: =COUNTIF(BU32:CY32,"ป") -> 0 | DB32: =COUNTIF(BU32:CY32,"ล") -> 0 | DC32: =COUNTIF(BU32:CY32,"ข") -> 0 | EI32: =$EI$4-(EJ32+EK32+EL32) -> 21 | EJ32: =COUNTIF(DD32:EH32,"ป") -> 0 | EK32: =COUNTIF(DD32:EH32,"ล") -> 0 | EL32: =COUNTIF(DD32:EH32,"ข") -> 0
A33: 29 | CZ33: =$CZ$4-(DA33+DB33+DC33) -> 21 | DA33: =COUNTIF(BU33:CY33,"ป") -> 0 | DB33: =COUNTIF(BU33:CY33,"ล") -> 0 | DC33: =COUNTIF(BU33:CY33,"ข") -> 0 | EI33: =$EI$4-(EJ33+EK33+EL33) -> 21 | EJ33: =COUNTIF(DD33:EH33,"ป") -> 0 | EK33: =COUNTIF(DD33:EH33,"ล") -> 0 | EL33: =COUNTIF(DD33:EH33,"ข") -> 0
A34: 30 | CZ34: =$CZ$4-(DA34+DB34+DC34) -> 21 | DA34: =COUNTIF(BU34:CY34,"ป") -> 0 | DB34: =COUNTIF(BU34:CY34,"ล") -> 0 | DC34: =COUNTIF(BU34:CY34,"ข") -> 0 | EI34: =$EI$4-(EJ34+EK34+EL34) -> 21 | EJ34: =COUNTIF(DD34:EH34,"ป") -> 0 | EK34: =COUNTIF(DD34:EH34,"ล") -> 0 | EL34: =COUNTIF(DD34:EH34,"ข") -> 0

Sheet ไทย17-20
O1: 21 | AD1: 22 | AL1: 23 | AU1: 24
A2: การวัดผลกลางปี | P2: การวัดผลปลายปี | AE2: ผลการประเมินการเรียนรู้ ปีการศึกษา 2567 | AM2: มาตรฐานและตัวชี้วัด /ผลการเรียนรู้
A3: รายวิชา ภาษาไทย (ท15101) | P3: =A3 -> รายวิชา ภาษาไทย (ท15101) | AE3: =A3 -> รายวิชา ภาษาไทย (ท15101) | AM3: รายวิชา คณิตศาสตร์ ค16101
A4: เลขที่ | B4: ชื่อ | C4: คะแนนผลการเรียนรู้ ภาคเรียนที่ 1 | N4: ปลายภาค 1 | O4: รวมคะแนน | P4: เลขที่ | Q4: ชื่อ | R4: คะแนนผลการเรียนรู้ ภาคเรียนที่ 2 | AC4: ปลายภาค2 | AD4: รวมคะแนน | AE4: เลขที่ | AF4: ชื่อ | AG4: คะแนนภาคเรียนที่ 1 | AH4: คะแนนภาคเรียนที่ 2 | AI4: รวมคะแนนทั้งปี | AJ4: ผลการเรียน | AK4: ผลการแก้ไข | AL4: หมายเหตุ
B5: หน่วยที่ | C5: 1 | D5: 2 | E5: 3 | F5: 4 | G5: 5 | M5: รวม | Q5: หน่วยที่ | R5: 6 | S5: 7 | T5: 8 | U5: 9 | V5: 10 | AB5: รวม | AM5: 1 | AN5: เปรียบเทียบ เรียงลำดับเศษส่วนและจำนวนคละ จากสถานการณ์ต่าง ๆ | AU5: ค 1.1 ป.6/1
B6: คะแนนเต็ม | C6: 30 | M6: =SUM(C6:L6) -> 30 | N6: 20 | O6: =SUM(M6:N6) -> 50 | Q6: คะแนนเต็ม | R6: 30 | AB6: 30 | AC6: 20 | AD6: =SUM(AB6:AC6) -> 50 | AF6: คะแนนเต็ม | AG6: 50 | AH6: 50 | AI6: 100 | AM6: 2 | AN6: เขียนอัตราส่วนแสดงการเปรียบเทียบปริมาณ 2 ปริมาณ จากข้อความหรือสถานการณ์ โดยที่ปริมาณแต่ละ | AU6: ค 1.1 ป.6/2
A7: 1 | B7: ='เวลาเรียน4-16'!B6 -> เด็กชายกฤษดา บัวศรี | C7: 25 | M7: =SUM(C7:L7) -> 25 | N7: 14 | O7: =SUM(M7:N7) -> 39 | P7: 1 | Q7: =B7 -> เด็กชายกฤษดา บัวศรี | R7: 25 | AB7: =SUM(R7:AA7) -> 25 | AC7: 16 | AD7: =SUM(AB7:AC7) -> 41 | AE7: 1 | AF7: ='เวลาเรียน4-16'!B6 -> เด็กชายกฤษดา บัวศรี | AG7: =O7 -> 39 | AH7: =AD7 -> 41 | AI7: =SUM(AG7:AH7) -> 80 | AJ7: =IF(AI7>79,4,IF(AI7>74,3.5,IF(AI7>69,3,IF(AI7>64,2.5,IF(AI7>59,2,IF(AI7>54,1.5,IF(AI7>49,1,IF(AI7<50,0)))))))) -> 4 | AN7: ปริมาณเป็นจำนวนนับ
A8: 2 | B8: ='เวลาเรียน4-16'!B7 -> เด็กชายจิรายุ ดอบุตร | C8: 22 | M8: =SUM(C8:L8) -> 22 | N8: 13 | O8: =SUM(M8:N8) -> 35 | P8: 2 | Q8: =B8 -> เด็กชายจิรายุ ดอบุตร | R8: 24 | AB8: =SUM(R8:AA8) -> 24 | AC8: 11 | AD8: =SUM(AB8:AC8) -> 35 | AE8: 2 | AF8: ='เวลาเรียน4-16'!B7 -> เด็กชายจิรายุ ดอบุตร | AG8: =O8 -> 35 | AH8: =AD8 -> 35 | AI8: =SUM(AG8:AH8) -> 70 | AJ8: =IF(AI8>79,4,IF(AI8>74,3.5,IF(AI8>69,3,IF(AI8>64,2.5,IF(AI8>59,2,IF(AI8>54,1.5,IF(AI8>49,1,IF(AI8<50,0)))))))) -> 3 | AM8: 3 | AN8: หาอัตราส่วนที่เท่ากับอัตราส่วนที่กำหนดให้ | AU8: ค 1.1 ป.6/3
A9: 3 | B9: ='เวลาเรียน4-16'!B8 -> เด็กชายจิรายุ เนตรสว่าง | C9: 24 | M9: =SUM(C9:L9) -> 24 | N9: 12 | O9: =SUM(M9:N9) -> 36 | P9: 3 | Q9: =B9 -> เด็กชายจิรายุ เนตรสว่าง | R9: 27 | AB9: =SUM(R9:AA9) -> 27 | AC9: 13 | AD9: =SUM(AB9:AC9) -> 40 | AE9: 3 | AF9: ='เวลาเรียน4-16'!B8 -> เด็กชายจิรายุ เนตรสว่าง | AG9: =O9 -> 36 | AH9: =AD9 -> 40 | AI9: =SUM(AG9:AH9) -> 76 | AJ9: =IF(AI9>79,4,IF(AI9>74,3.5,IF(AI9>69,3,IF(AI9>64,2.5,IF(AI9>59,2,IF(AI9>54,1.5,IF(AI9>49,1,IF(AI9<50,0)))))))) -> 3.5 | AM9: 4 | AN9: หา ห.ร.ม. ของจำนวนนับไม่เกิน 3 จำนวน | AU9: ค 1.1 ป.6/4
A10: 4 | B10: ='เวลาเรียน4-16'!B9 -> เด็กชายจีรภัทร คันธมาตย์ | C10: 24 | M10: =SUM(C10:L10) -> 24 | N10: 13 | O10: =SUM(M10:N10) -> 37 | P10: 4 | Q10: =B10 -> เด็กชายจีรภัทร คันธมาตย์ | R10: 25 | AB10: =SUM(R10:AA10) -> 25 | AC10: 13 | AD10: =SUM(AB10:AC10) -> 38 | AE10: 4 | AF10: ='เวลาเรียน4-16'!B9 -> เด็กชายจีรภัทร คันธมาตย์ | AG10: =O10 -> 37 | AH10: =AD10 -> 38 | AI10: =SUM(AG10:AH10) -> 75 | AJ10: =IF(AI10>79,4,IF(AI10>74,3.5,IF(AI10>69,3,IF(AI10>64,2.5,IF(AI10>59,2,IF(AI10>54,1.5,IF(AI10>49,1,IF(AI10<50,0)))))))) -> 3.5 | AM10: 5 | AN10: หา ค.ร.น. ของจำนวนนับไม่เกิน 3 จำนวน | AU10: ค 1.1 ป.6/5
A11: 5 | B11: ='เวลาเรียน4-16'!B10 -> เด็กชายปรวัฒน์ โพธิ์ศรี | C11: 23 | M11: =SUM(C11:L11) -> 23 | N11: 11 | O11: =SUM(M11:N11) -> 34 | P11: 5 | Q11: =B11 -> เด็กชายปรวัฒน์ โพธิ์ศรี | R11: 24 | AB11: =SUM(R11:AA11) -> 24 | AC11: 12 | AD11: =SUM(AB11:AC11) -> 36 | AE11: 5 | AF11: ='เวลาเรียน4-16'!B10 -> เด็กชายปรวัฒน์ โพธิ์ศรี | AG11: =O11 -> 34 | AH11: =AD11 -> 36 | AI11: =SUM(AG11:AH11) -> 70 | AJ11: =IF(AI11>79,4,IF(AI11>74,3.5,IF(AI11>69,3,IF(AI11>64,2.5,IF(AI11>59,2,IF(AI11>54,1.5,IF(AI11>49,1,IF(AI11<50,0)))))))) -> 3 | AM11: 6 | AN11: แสดงวิธีหาคำตอบของโจทย์ปัญหาโดยใช้ความรู้เกี่ยวกับ ห.ร.ม. และ ค.ร.น. | AU11: ค 1.1 ป.6/6
A12: 6 | B12: ='เวลาเรียน4-16'!B11 -> เด็กชายพีรภาพ วงคำใหญ่ | C12: 25 | M12: =SUM(C12:L12) -> 25 | N12: 14 | O12: =SUM(M12:N12) -> 39 | P12: 6 | Q12: =B12 -> เด็กชายพีรภาพ วงคำใหญ่ | R12: 27 | AB12: =SUM(R12:AA12) -> 27 | AC12: 18 | AD12: =SUM(AB12:AC12) -> 45 | AE12: 6 | AF12: ='เวลาเรียน4-16'!B11 -> เด็กชายพีรภาพ วงคำใหญ่ | AG12: =O12 -> 39 | AH12: =AD12 -> 45 | AI12: =SUM(AG12:AH12) -> 84 | AJ12: =IF(AI12>79,4,IF(AI12>74,3.5,IF(AI12>69,3,IF(AI12>64,2.5,IF(AI12>59,2,IF(AI12>54,1.5,IF(AI12>49,1,IF(AI12<50,0)))))))) -> 4 | AM12: 7 | AN12: หาผลลัพธ์ของการบวก ลบ คูณ หารระคนของเศษส่วนและจำนวนคละ | AU12: ค 1.1 ป.6/7
A13: 7 | B13: ='เวลาเรียน4-16'!B12 -> เด็กหญิงกมลรัตน์ แสดคง | C13: 26 | M13: =SUM(C13:L13) -> 26 | N13: 14 | O13: =SUM(M13:N13) -> 40 | P13: 7 | Q13: =B13 -> เด็กหญิงกมลรัตน์ แสดคง | R13: 27 | AB13: =SUM(R13:AA13) -> 27 | AC13: 15 | AD13: =SUM(AB13:AC13) -> 42 | AE13: 7 | AF13: ='เวลาเรียน4-16'!B12 -> เด็กหญิงกมลรัตน์ แสดคง | AG13: =O13 -> 40 | AH13: =AD13 -> 42 | AI13: =SUM(AG13:AH13) -> 82 | AJ13: =IF(AI13>79,4,IF(AI13>74,3.5,IF(AI13>69,3,IF(AI13>64,2.5,IF(AI13>59,2,IF(AI13>54,1.5,IF(AI13>49,1,IF(AI13<50,0)))))))) -> 4 | AM13: 8 | AN13: แสดงวิธีหาคำตอบของโจทย์ปัญหาเศษส่วนและจำนวนคละ 2 - 3 ขั้นตอน | AU13: ค 1.1 ป.6/8
A14: 8 | B14: ='เวลาเรียน4-16'!B13 -> เด็กหญิงกัลยรัตน์ ทึงสุข | C14: 27 | M14: =SUM(C14:L14) -> 27 | N14: 15 | O14: =SUM(M14:N14) -> 42 | P14: 8 | Q14: =B14 -> เด็กหญิงกัลยรัตน์ ทึงสุข | R14: 28 | AB14: =SUM(R14:AA14) -> 28 | AC14: 18 | AD14: =SUM(AB14:AC14) -> 46 | AE14: 8 | AF14: ='เวลาเรียน4-16'!B13 -> เด็กหญิงกัลยรัตน์ ทึงสุข | AG14: =O14 -> 42 | AH14: =AD14 -> 46 | AI14: =SUM(AG14:AH14) -> 88 | AJ14: =IF(AI14>79,4,IF(AI14>74,3.5,IF(AI14>69,3,IF(AI14>64,2.5,IF(AI14>59,2,IF(AI14>54,1.5,IF(AI14>49,1,IF(AI14<50,0)))))))) -> 4 | AM14: 9 | AN14: หาผลหารของทศนิยมที่ตัวหารและผลหารเป็นทศนิยมไม่เกิน 3 ตำแหน่ง | AU14: ค 1.1 ป.6/9
A15: 9 | B15: ='เวลาเรียน4-16'!B14 -> เด็กหญิงนิตยา พละโท | C15: 27 | M15: =SUM(C15:L15) -> 27 | N15: 15 | O15: =SUM(M15:N15) -> 42 | P15: 9 | Q15: =B15 -> เด็กหญิงนิตยา พละโท | R15: 27 | AB15: =SUM(R15:AA15) -> 27 | AC15: 14 | AD15: =SUM(AB15:AC15) -> 41 | AE15: 9 | AF15: ='เวลาเรียน4-16'!B14 -> เด็กหญิงนิตยา พละโท | AG15: =O15 -> 42 | AH15: =AD15 -> 41 | AI15: =SUM(AG15:AH15) -> 83 | AJ15: =IF(AI15>79,4,IF(AI15>74,3.5,IF(AI15>69,3,IF(AI15>64,2.5,IF(AI15>59,2,IF(AI15>54,1.5,IF(AI15>49,1,IF(AI15<50,0)))))))) -> 4 | AM15: 10 | AN15: แสดงวิธีหาคำตอบของโจทย์ปัญหาการบวก การลบ การคูณ การหารทศนิยม 3 ขั้นตอน | AU15: ค 1.1 ป.6/10
A16: 10 | B16: ='เวลาเรียน4-16'!B15 -> เด็กหญิงบัณฑิตา เบ้าพงษ์ | C16: 25 | M16: =SUM(C16:L16) -> 25 | N16: 13 | O16: =SUM(M16:N16) -> 38 | P16: 10 | Q16: =B16 -> เด็กหญิงบัณฑิตา เบ้าพงษ์ | R16: 25 | AB16: =SUM(R16:AA16) -> 25 | AC16: 14 | AD16: =SUM(AB16:AC16) -> 39 | AE16: 10 | AF16: ='เวลาเรียน4-16'!B15 -> เด็กหญิงบัณฑิตา เบ้าพงษ์ | AG16: =O16 -> 38 | AH16: =AD16 -> 39 | AI16: =SUM(AG16:AH16) -> 77 | AJ16: =IF(AI16>79,4,IF(AI16>74,3.5,IF(AI16>69,3,IF(AI16>64,2.5,IF(AI16>59,2,IF(AI16>54,1.5,IF(AI16>49,1,IF(AI16<50,0)))))))) -> 3.5 | AM16: 11 | AN16: แสดงวิธีหาคำตอบของโจทย์ปัญหาอัตราส่วน | AU16: ค 1.1 ป.6/11
A17: 11 | B17: ='เวลาเรียน4-16'!B16 -> เด็กหญิงพัชรกัญญ์ บาลนาคม | C17: 26 | M17: =SUM(C17:L17) -> 26 | N17: 13 | O17: =SUM(M17:N17) -> 39 | P17: 11 | Q17: =B17 -> เด็กหญิงพัชรกัญญ์ บาลนาคม | R17: 28 | AB17: =SUM(R17:AA17) -> 28 | AC17: 18 | AD17: =SUM(AB17:AC17) -> 46 | AE17: 11 | AF17: ='เวลาเรียน4-16'!B16 -> เด็กหญิงพัชรกัญญ์ บาลนาคม | AG17: =O17 -> 39 | AH17: =AD17 -> 46 | AI17: =SUM(AG17:AH17) -> 85 | AJ17: =IF(AI17>79,4,IF(AI17>74,3.5,IF(AI17>69,3,IF(AI17>64,2.5,IF(AI17>59,2,IF(AI17>54,1.5,IF(AI17>49,1,IF(AI17<50,0)))))))) -> 4 | AM17: 12 | AN17: แสดงวิธีหาคำตอบของโจทย์ปัญหาร้อยละ 2 - 3 ขั้นตอน | AU17: ค 1.1 ป.6/12
A18: 12 | B18: ='เวลาเรียน4-16'!B17 -> เด็กหญิงสุวิชาดา ชูจิตร | C18: 21 | M18: =SUM(C18:L18) -> 21 | N18: 13 | O18: =SUM(M18:N18) -> 34 | P18: 12 | Q18: =B18 -> เด็กหญิงสุวิชาดา ชูจิตร | R18: 25 | AB18: =SUM(R18:AA18) -> 25 | AC18: 11 | AD18: =SUM(AB18:AC18) -> 36 | AE18: 12 | AF18: ='เวลาเรียน4-16'!B17 -> เด็กหญิงสุวิชาดา ชูจิตร | AG18: =O18 -> 34 | AH18: =AD18 -> 36 | AI18: =SUM(AG18:AH18) -> 70 | AJ18: =IF(AI18>79,4,IF(AI18>74,3.5,IF(AI18>69,3,IF(AI18>64,2.5,IF(AI18>59,2,IF(AI18>54,1.5,IF(AI18>49,1,IF(AI18<50,0)))))))) -> 3 | AM18: 13 | AN18: แสดงวิธีคิดและหาคำตอบของปัญหาเกี่ยวกับแบบรูป | AU18: ค 1.2 ป.6/1
A19: 13 | B19: ='เวลาเรียน4-16'!B18 -> เด็กหญิงปุญญิศา อุปทุม | C19: 24 | M19: =SUM(C19:L19) -> 24 | N19: 14 | O19: =SUM(M19:N19) -> 38 | P19: 13 | Q19: =B19 -> เด็กหญิงปุญญิศา อุปทุม | R19: 28 | AB19: =SUM(R19:AA19) -> 28 | AC19: 18 | AD19: =SUM(AB19:AC19) -> 46 | AE19: 13 | AF19: ='เวลาเรียน4-16'!B18 -> เด็กหญิงปุญญิศา อุปทุม | AG19: =O19 -> 38 | AH19: =AD19 -> 46 | AI19: =SUM(AG19:AH19) -> 84 | AJ19: =IF(AI19>79,4,IF(AI19>74,3.5,IF(AI19>69,3,IF(AI19>64,2.5,IF(AI19>59,2,IF(AI19>54,1.5,IF(AI19>49,1,IF(AI19<50,0)))))))) -> 4 | AM19: 14 | AN19: แสดงวิธีหาคำตอบของโจทย์ปัญหาเกี่ยวกับปริมาตรของรูปเรขาคณิต สามมิติที่ประกอบด้วยทรงสี่เหลี่ยมมุมฉาก | AU19: ค 2.1 ป.6/1
AM20: 16 | AN20: แสดงวิธีหาคำตอบของโจทย์ปัญหาเกี่ยวกับ ความยาวรอบรูปและพื้นที่ของวงกลม | AU20: ค 2.1 ป.6/3
AM21: 17 | AN21: จำแนกรูปสามเหลี่ยมโดยพิจารณาจากสมบัติของรูป | AU21: ค 2.2 ป.6/1
AM22: 18 | AN22: สร้างรูปสามเหลี่ยมเมื่อกำหนดความยาวของด้านและขนาดของมุม | AU22: ค 2.2 ป.6/2
AM23: 19 | AN23: บอกลักษณะของรูปเรขาคณิตสามมิติชนิดต่าง ๆ | AU23: ค 2.2 ป.6/3
AM24: 20 | AN24: ระบุรูปเรขาคณิตสามมิติที่ประกอบจากรูปคลี่และระบุรูปคลี่ของรูปเรขาคณิตสามมิติ | AU24: ค 2.2 ป.6/4
AM25: 21 | AN25: ใช้ข้อมูลจากแผนภูมิรูปวงกลมในการหาคำตอบของโจทย์ปัญหา | AU25: ค 3.1 ป.6/1
AN26: เซนติเมตร กิโลเมตรและเมตร

Sheet คณิต21-24
O1: 21 | AD1: 22 | AL1: 23 | AU1: 24
A2: การวัดผลกลางปี | P2: การวัดผลปลายปี | AE2: ผลการประเมินการเรียนรู้ ปีการศึกษา 2567 | AM2: มาตรฐานและตัวชี้วัด /ผลการเรียนรู้
A3: รายวิชา คณิตศาสตร์ (ค16101) | P3: =A3 -> รายวิชา คณิตศาสตร์ (ค16101) | AE3: =A3 -> รายวิชา คณิตศาสตร์ (ค16101) | AM3: รายวิชา คณิตศาสตร์ ค16101
A4: เลขที่ | B4: ชื่อ | C4: คะแนนผลการเรียนรู้ ภาคเรียนที่ 1 | N4: ปลายภาค 1 | O4: รวมคะแนน | P4: เลขที่ | Q4: ชื่อ | R4: คะแนนผลการเรียนรู้ ภาคเรียนที่ 2 | AC4: ปลายภาค2 | AD4: รวมคะแนน | AE4: เลขที่ | AF4: ชื่อ | AG4: คะแนนภาคเรียนที่ 1 | AH4: คะแนนภาคเรียนที่ 2 | AI4: รวมคะแนนทั้งปี | AJ4: ผลการเรียน | AK4: ผลการแก้ไข | AL4: หมายเหตุ
B5: หน่วยที่ | C5: 1 | D5: 2 | E5: 3 | F5: 4 | G5: 5 | M5: รวม | Q5: หน่วยที่ | R5: 6 | S5: 7 | T5: 8 | U5: 9 | V5: 10 | AB5: รวม | AM5: 1 | AN5: เปรียบเทียบ เรียงลำดับเศษส่วนและจำนวนคละ จากสถานการณ์ต่าง ๆ | AU5: ค 1.1 ป.6/1
B6: คะแนนเต็ม | C6: 10 | D6: 10 | E6: 10 | M6: =SUM(C6:L6) -> 30 | N6: 20 | O6: =SUM(M6:N6) -> 50 | Q6: คะแนนเต็ม | R6: 10 | S6: 10 | T6: 10 | AB6: 30 | AC6: 20 | AD6: =SUM(AB6:AC6) -> 50 | AF6: คะแนนเต็ม | AG6: 50 | AH6: 50 | AI6: 100 | AM6: 2 | AN6: เขียนอัตราส่วนแสดงการเปรียบเทียบปริมาณ 2 ปริมาณ จากข้อความหรือสถานการณ์ โดยที่ปริมาณแต่ละ | AU6: ค 1.1 ป.6/2
A7: 1 | B7: ='เวลาเรียน4-16'!B6 -> เด็กชายกฤษดา บัวศรี | C7: 8 | D7: 9 | E7: 8 | M7: =SUM(C7:L7) -> 25 | N7: 16 | O7: =SUM(M7:N7) -> 41 | P7: 1 | Q7: =B7 -> เด็กชายกฤษดา บัวศรี | R7: 8 | S7: 10 | T7: 8 | AB7: =SUM(R7:AA7) -> 26 | AC7: 14 | AD7: =SUM(AB7:AC7) -> 40 | AE7: 1 | AF7: ='เวลาเรียน4-16'!B6 -> เด็กชายกฤษดา บัวศรี | AG7: =O7 -> 41 | AH7: =AD7 -> 40 | AI7: =SUM(AG7:AH7) -> 81 | AJ7: =IF(AI7>79,4,IF(AI7>74,3.5,IF(AI7>69,3,IF(AI7>64,2.5,IF(AI7>59,2,IF(AI7>54,1.5,IF(AI7>49,1,IF(AI7<50,0)))))))) -> 4 | AN7: ปริมาณเป็นจำนวนนับ
A8: 2 | B8: ='เวลาเรียน4-16'!B7 -> เด็กชายจิรายุ ดอบุตร | C8: 7 | D8: 8 | E8: 7 | M8: =SUM(C8:L8) -> 22 | N8: 15 | O8: =SUM(M8:N8) -> 37 | P8: 2 | Q8: =B8 -> เด็กชายจิรายุ ดอบุตร | R8: 7 | S8: 10 | T8: 8 | AB8: =SUM(R8:AA8) -> 25 | AC8: 15 | AD8: =SUM(AB8:AC8) -> 40 | AE8: 2 | AF8: ='เวลาเรียน4-16'!B7 -> เด็กชายจิรายุ ดอบุตร | AG8: =O8 -> 37 | AH8: =AD8 -> 40 | AI8: =SUM(AG8:AH8) -> 77 | AJ8: =IF(AI8>79,4,IF(AI8>74,3.5,IF(AI8>69,3,IF(AI8>64,2.5,IF(AI8>59,2,IF(AI8>54,1.5,IF(AI8>49,1,IF(AI8<50,0)))))))) -> 3.5 | AM8: 3 | AN8: หาอัตราส่วนที่เท่ากับอัตราส่วนที่กำหนดให้ | AU8: ค 1.1 ป.6/3
A9: 3 | B9: ='เวลาเรียน4-16'!B8 -> เด็กชายจิรายุ เนตรสว่าง | C9: 6 | D9: 7 | E9: 6 | M9: =SUM(C9:L9) -> 19 | N9: 14 | O9: =SUM(M9:N9) -> 33 | P9: 3 | Q9: =B9 -> เด็กชายจิรายุ เนตรสว่าง | R9: 7 | S9: 10 | T9: 9 | AB9: =SUM(R9:AA9) -> 26 | AC9: 16 | AD9: =SUM(AB9:AC9) -> 42 | AE9: 3 | AF9: ='เวลาเรียน4-16'!B8 -> เด็กชายจิรายุ เนตรสว่าง | AG9: =O9 -> 33 | AH9: =AD9 -> 42 | AI9: =SUM(AG9:AH9) -> 75 | AJ9: =IF(AI9>79,4,IF(AI9>74,3.5,IF(AI9>69,3,IF(AI9>64,2.5,IF(AI9>59,2,IF(AI9>54,1.5,IF(AI9>49,1,IF(AI9<50,0)))))))) -> 3.5 | AM9: 4 | AN9: หา ห.ร.ม. ของจำนวนนับไม่เกิน 3 จำนวน | AU9: ค 1.1 ป.6/4
A10: 4 | B10: ='เวลาเรียน4-16'!B9 -> เด็กชายจีรภัทร คันธมาตย์ | C10: 6 | D10: 7 | E10: 6 | M10: =SUM(C10:L10) -> 19 | N10: 14 | O10: =SUM(M10:N10) -> 33 | P10: 4 | Q10: =B10 -> เด็กชายจีรภัทร คันธมาตย์ | R10: 7 | S10: 10 | T10: 8 | AB10: =SUM(R10:AA10) -> 25 | AC10: 14 | AD10: =SUM(AB10:AC10) -> 39 | AE10: 4 | AF10: ='เวลาเรียน4-16'!B9 -> เด็กชายจีรภัทร คันธมาตย์ | AG10: =O10 -> 33 | AH10: =AD10 -> 39 | AI10: =SUM(AG10:AH10) -> 72 | AJ10: =IF(AI10>79,4,IF(AI10>74,3.5,IF(AI10>69,3,IF(AI10>64,2.5,IF(AI10>59,2,IF(AI10>54,1.5,IF(AI10>49,1,IF(AI10<50,0)))))))) -> 3 | AM10: 5 | AN10: หา ค.ร.น. ของจำนวนนับไม่เกิน 3 จำนวน | AU10: ค 1.1 ป.6/5
A11: 5 | B11: ='เวลาเรียน4-16'!B10 -> เด็กชายปรวัฒน์ โพธิ์ศรี | C11: 6 | D11: 7 | E11: 6 | M11: =SUM(C11:L11) -> 19 | N11: 14 | O11: =SUM(M11:N11) -> 33 | P11: 5 | Q11: =B11 -> เด็กชายปรวัฒน์ โพธิ์ศรี | R11: 7 | S11: 10 | T11: 9 | AB11: =SUM(R11:AA11) -> 26 | AC11: 14 | AD11: =SUM(AB11:AC11) -> 40 | AE11: 5 | AF11: ='เวลาเรียน4-16'!B10 -> เด็กชายปรวัฒน์ โพธิ์ศรี | AG11: =O11 -> 33 | AH11: =AD11 -> 40 | AI11: =SUM(AG11:AH11) -> 73 | AJ11: =IF(AI11>79,4,IF(AI11>74,3.5,IF(AI11>69,3,IF(AI11>64,2.5,IF(AI11>59,2,IF(AI11>54,1.5,IF(AI11>49,1,IF(AI11<50,0)))))))) -> 3 | AM11: 6 | AN11: แสดงวิธีหาคำตอบของโจทย์ปัญหาโดยใช้ความรู้เกี่ยวกับ ห.ร.ม. และ ค.ร.น. | AU11: ค 1.1 ป.6/6
A12: 6 | B12: ='เวลาเรียน4-16'!B11 -> เด็กชายพีรภาพ วงคำใหญ่ | C12: 8 | D12: 9 | E12: 8 | M12: =SUM(C12:L12) -> 25 | N12: 17 | O12: =SUM(M12:N12) -> 42 | P12: 6 | Q12: =B12 -> เด็กชายพีรภาพ วงคำใหญ่ | R12: 8 | S12: 10 | T12: 9 | AB12: =SUM(R12:AA12) -> 27 | AC12: 16 | AD12: =SUM(AB12:AC12) -> 43 | AE12: 6 | AF12: ='เวลาเรียน4-16'!B11 -> เด็กชายพีรภาพ วงคำใหญ่ | AG12: =O12 -> 42 | AH12: =AD12 -> 43 | AI12: =SUM(AG12:AH12) -> 85 | AJ12: =IF(AI12>79,4,IF(AI12>74,3.5,IF(AI12>69,3,IF(AI12>64,2.5,IF(AI12>59,2,IF(AI12>54,1.5,IF(AI12>49,1,IF(AI12<50,0)))))))) -> 4 | AM12: 7 | AN12: หาผลลัพธ์ของการบวก ลบ คูณ หารระคนของเศษส่วนและจำนวนคละ | AU12: ค 1.1 ป.6/7
A13: 7 | B13: ='เวลาเรียน4-16'!B12 -> เด็กหญิงกมลรัตน์ แสดคง | C13: 8 | D13: 9 | E13: 8 | M13: =SUM(C13:L13) -> 25 | N13: 18 | O13: =SUM(M13:N13) -> 43 | P13: 7 | Q13: =B13 -> เด็กหญิงกมลรัตน์ แสดคง | R13: 8 | S13: 10 | T13: 9 | AB13: =SUM(R13:AA13) -> 27 | AC13: 15 | AD13: =SUM(AB13:AC13) -> 42 | AE13: 7 | AF13: ='เวลาเรียน4-16'!B12 -> เด็กหญิงกมลรัตน์ แสดคง | AG13: =O13 -> 43 | AH13: =AD13 -> 42 | AI13: =SUM(AG13:AH13) -> 85 | AJ13: =IF(AI13>79,4,IF(AI13>74,3.5,IF(AI13>69,3,IF(AI13>64,2.5,IF(AI13>59,2,IF(AI13>54,1.5,IF(AI13>49,1,IF(AI13<50,0)))))))) -> 4 | AM13: 8 | AN13: แสดงวิธีหาคำตอบของโจทย์ปัญหาเศษส่วนและจำนวนคละ 2 - 3 ขั้นตอน | AU13: ค 1.1 ป.6/8
A14: 8 | B14: ='เวลาเรียน4-16'!B13 -> เด็กหญิงกัลยรัตน์ ทึงสุข | C14: 8 | D14: 9 | E14: 8 | M14: =SUM(C14:L14) -> 25 | N14: 18 | O14: =SUM(M14:N14) -> 43 | P14: 8 | Q14: =B14 -> เด็กหญิงกัลยรัตน์ ทึงสุข | R14: 8 | S14: 10 | T14: 9 | AB14: =SUM(R14:AA14) -> 27 | AC14: 16 | AD14: =SUM(AB14:AC14) -> 43 | AE14: 8 | AF14: ='เวลาเรียน4-16'!B13 -> เด็กหญิงกัลยรัตน์ ทึงสุข | AG14: =O14 -> 43 | AH14: =AD14 -> 43 | AI14: =SUM(AG14:AH14) -> 86 | AJ14: =IF(AI14>79,4,IF(AI14>74,3.5,IF(AI14>69,3,IF(AI14>64,2.5,IF(AI14>59,2,IF(AI14>54,1.5,IF(AI14>49,1,IF(AI14<50,0)))))))) -> 4 | AM14: 9 | AN14: หาผลหารของทศนิยมที่ตัวหารและผลหารเป็นทศนิยมไม่เกิน 3 ตำแหน่ง | AU14: ค 1.1 ป.6/9
A15: 9 | B15: ='เวลาเรียน4-16'!B14 -> เด็กหญิงนิตยา พละโท | C15: 8 | D15: 9 | E15: 8 | M15: =SUM(C15:L15) -> 25 | N15: 18 | O15: =SUM(M15:N15) -> 43 | P15: 9 | Q15: =B15 -> เด็กหญิงนิตยา พละโท | R15: 8 | S15: 10 | T15: 9 | AB15: =SUM(R15:AA15) -> 27 | AC15: 16 | AD15: =SUM(AB15:AC15) -> 43 | AE15: 9 | AF15: ='เวลาเรียน4-16'!B14 -> เด็กหญิงนิตยา พละโท | AG15: =O15 -> 43 | AH15: =AD15 -> 43 | AI15: =SUM(AG15:AH15) -> 86 | AJ15: =IF(AI15>79,4,IF(AI15>74,3.5,IF(AI15>69,3,IF(AI15>64,2.5,IF(AI15>59,2,IF(AI15>54,1.5,IF(AI15>49,1,IF(AI15<50,0)))))))) -> 4 | AM15: 10 | AN15: แสดงวิธีหาคำตอบของโจทย์ปัญหาการบวก การลบ การคูณ การหารทศนิยม 3 ขั้นตอน | AU15: ค 1.1 ป.6/10
A16: 10 | B16: ='เวลาเรียน4-16'!B15 -> เด็กหญิงบัณฑิตา เบ้าพงษ์ | C16: 8 | D16: 9 | E16: 8 | M16: =SUM(C16:L16) -> 25 | N16: 18 | O16: =SUM(M16:N16) -> 43 | P16: 10 | Q16: =B16 -> เด็กหญิงบัณฑิตา เบ้าพงษ์ | R16: 8 | S16: 10 | T16: 9 | AB16: =SUM(R16:AA16) -> 27 | AC16: 15 | AD16: =SUM(AB16:AC16) -> 42 | AE16: 10 | AF16: ='เวลาเรียน4-16'!B15 -> เด็กหญิงบัณฑิตา เบ้าพงษ์ | AG16: =O16 -> 43 | AH16: =AD16 -> 42 | AI16: =SUM(AG16:AH16) -> 85 | AJ16: =IF(AI16>79,4,IF(AI16>74,3.5,IF(AI16>69,3,IF(AI16>64,2.5,IF(AI16>59,2,IF(AI16>54,1.5,IF(AI16>49,1,IF(AI16<50,0)))))))) -> 4 | AM16: 11 | AN16: แสดงวิธีหาคำตอบของโจทย์ปัญหาอัตราส่วน | AU16: ค 1.1 ป.6/11
A17: 11 | B17: ='เวลาเรียน4-16'!B16 -> เด็กหญิงพัชรกัญญ์ บาลนาคม | C17: 8 | D17: 9 | E17: 8 | M17: =SUM(C17:L17) -> 25 | N17: 18 | O17: =SUM(M17:N17) -> 43 | P17: 11 | Q17: =B17 -> เด็กหญิงพัชรกัญญ์ บาลนาคม | R17: 8 | S17: 10 | T17: 9 | AB17: =SUM(R17:AA17) -> 27 | AC17: 15 | AD17: =SUM(AB17:AC17) -> 42 | AE17: 11 | AF17: ='เวลาเรียน4-16'!B16 -> เด็กหญิงพัชรกัญญ์ บาลนาคม | AG17: =O17 -> 43 | AH17: =AD17 -> 42 | AI17: =SUM(AG17:AH17) -> 85 | AJ17: =IF(AI17>79,4,IF(AI17>74,3.5,IF(AI17>69,3,IF(AI17>64,2.5,IF(AI17>59,2,IF(AI17>54,1.5,IF(AI17>49,1,IF(AI17<50,0)))))))) -> 4 | AM17: 12 | AN17: แสดงวิธีหาคำตอบของโจทย์ปัญหาร้อยละ 2 - 3 ขั้นตอน | AU17: ค 1.1 ป.6/12
A18: 12 | B18: ='เวลาเรียน4-16'!B17 -> เด็กหญิงสุวิชาดา ชูจิตร | C18: 7 | D18: 9 | E18: 7 | M18: =SUM(C18:L18) -> 23 | N18: 16 | O18: =SUM(M18:N18) -> 39 | P18: 12 | Q18: =B18 -> เด็กหญิงสุวิชาดา ชูจิตร | R18: 7 | S18: 10 | T18: 7 | AB18: =SUM(R18:AA18) -> 24 | AC18: 10 | AD18: =SUM(AB18:AC18) -> 34 | AE18: 12 | AF18: ='เวลาเรียน4-16'!B17 -> เด็กหญิงสุวิชาดา ชูจิตร | AG18: =O18 -> 39 | AH18: =AD18 -> 34 | AI18: =SUM(AG18:AH18) -> 73 | AJ18: =IF(AI18>79,4,IF(AI18>74,3.5,IF(AI18>69,3,IF(AI18>64,2.5,IF(AI18>59,2,IF(AI18>54,1.5,IF(AI18>49,1,IF(AI18<50,0)))))))) -> 3 | AM18: 13 | AN18: แสดงวิธีคิดและหาคำตอบของปัญหาเกี่ยวกับแบบรูป | AU18: ค 1.2 ป.6/1
A19: 13 | B19: ='เวลาเรียน4-16'!B18 -> เด็กหญิงปุญญิศา อุปทุม | C19: 8 | D19: 9 | E19: 8 | M19: =SUM(C19:L19) -> 25 | N19: 18 | O19: =SUM(M19:N19) -> 43 | P19: 13 | Q19: =B19 -> เด็กหญิงปุญญิศา อุปทุม | R19: 8 | S19: 10 | T19: 9 | AB19: =SUM(R19:AA19) -> 27 | AC19: 15 | AD19: =SUM(AB19:AC19) -> 42 | AE19: 13 | AF19: ='เวลาเรียน4-16'!B18 -> เด็กหญิงปุญญิศา อุปทุม | AG19: =O19 -> 43 | AH19: =AD19 -> 42 | AI19: =SUM(AG19:AH19) -> 85 | AJ19: =IF(AI19>79,4,IF(AI19>74,3.5,IF(AI19>69,3,IF(AI19>64,2.5,IF(AI19>59,2,IF(AI19>54,1.5,IF(AI19>49,1,IF(AI19<50,0)))))))) -> 4 | AM19: 14 | AN19: แสดงวิธีหาคำตอบของโจทย์ปัญหาเกี่ยวกับปริมาตรของรูปเรขาคณิต สามมิติที่ประกอบด้วยทรงสี่เหลี่ยมมุมฉาก | AU19: ค 2.1 ป.6/1
AM20: 16 | AN20: แสดงวิธีหาคำตอบของโจทย์ปัญหาเกี่ยวกับ ความยาวรอบรูปและพื้นที่ของวงกลม | AU20: ค 2.1 ป.6/3
AM21: 17 | AN21: จำแนกรูปสามเหลี่ยมโดยพิจารณาจากสมบัติของรูป | AU21: ค 2.2 ป.6/1
AM22: 18 | AN22: สร้างรูปสามเหลี่ยมเมื่อกำหนดความยาวของด้านและขนาดของมุม | AU22: ค 2.2 ป.6/2
AM23: 19 | AN23: บอกลักษณะของรูปเรขาคณิตสามมิติชนิดต่าง ๆ | AU23: ค 2.2 ป.6/3
AM24: 20 | AN24: ระบุรูปเรขาคณิตสามมิติที่ประกอบจากรูปคลี่และระบุรูปคลี่ของรูปเรขาคณิตสามมิติ | AU24: ค 2.2 ป.6/4
AM25: 21 | AN25: ใช้ข้อมูลจากแผนภูมิรูปวงกลมในการหาคำตอบของโจทย์ปัญหา | AU25: ค 3.1 ป.6/1
AN26: เซนติเมตร กิโลเมตรและเมตร

Sheet วิทย์25-28
O1: 25 | AD1: 26 | AL1: 27 | AU1: 28
A2: การวัดผลกลางปี | P2: การวัดผลปลายปี | AE2: ผลการประเมินการเรียนรู้ ปีการศึกษา 2566 | AM2: มาตรฐานและตัวชี้วัด /ผลการเรียนรู้
A3: รายวิชา วิทยาศาสตร์และเทคโนโลยี (ว16101) | P3: =A3 -> รายวิชา วิทยาศาสตร์และเทคโนโลยี (ว16101) | AE3: =A3 -> รายวิชา วิทยาศาสตร์และเทคโนโลยี (ว16101) | AM3: รายวิชา วิทยาศาสตร์และเทคโนโลยี ว16101
A4: เลขที่ | B4: ชื่อ | C4: คะแนนผลการเรียนรู้ ภาคเรียนที่ 1 | N4: ปลายภาค 1 | O4: รวมคะแนน | P4: เลขที่ | Q4: ชื่อ | R4: คะแนนผลการเรียนรู้ ภาคเรียนที่ 2 | AC4: ปลายภาค2 | AD4: รวมคะแนน | AE4: เลขที่ | AF4: ชื่อ | AG4: คะแนนภาคเรียนที่ 1 | AH4: คะแนนภาคเรียนที่ 2 | AI4: รวมคะแนนทั้งปี | AJ4: ผลการเรียน | AK4: ผลการแก้ไข | AL4: หมายเหตุ | AM4: 1 | AN4: ระบุสารอาหารและบอกประโยชน์ของสารอาหารแต่ละประเภทจากอาหารที่ตนเองรับประทาน | AU4: ว 1.2 ป 6/1
B5: หน่วยที่ | C5: 1 | D5: 2 | E5: 3 | F5: 4 | G5: 5 | H5: 6 | M5: รวม | Q5: หน่วยที่ | R5: 4 | S5: 5 | T5: 6 | AB5: รวม | AM5: 2 | AN5: บอกแนวทางในการเลือกรับประทานอาหารให้ได้สารอาหารครบถ้วนในสัดส่วนที่เหมาะสมกับเพศและวัย รวมทั้งความปลอดภัยต่อสุขภาพ | AU5: ว 1.2 ป 6/2
B6: คะแนนเต็ม | C6: 10 | D6: 10 | E6: 10 | M6: =SUM(C6:L6) -> 30 | N6: 20 | O6: =SUM(M6:N6) -> 50 | Q6: คะแนนเต็ม | R6: 10 | S6: 10 | T6: 10 | AB6: 30 | AC6: 20 | AD6: =SUM(AB6:AC6) -> 50 | AF6: คะแนนเต็ม | AG6: 50 | AH6: 50 | AI6: 100 | AM6: 3 | AN6: ตระหนักถึงความสำคัญของสารอาหาร โดยการเลือกรับประทานอาหารที่มีสารอำหารครบถ้วนในสัดส่วนที่เหมาะสมกับเพศและวัย | AU6: ว 1.2 ป 6/3
A7: 1 | B7: ='เวลาเรียน4-16'!B6 -> เด็กชายกฤษดา บัวศรี | C7: 8 | D7: 9 | E7: 8 | M7: =SUM(C7:L7) -> 25 | N7: 12 | O7: =SUM(M7:N7) -> 37 | P7: 1 | Q7: =B7 -> เด็กชายกฤษดา บัวศรี | R7: 6 | S7: 7 | T7: 8 | AB7: =SUM(R7:AA7) -> 21 | AC7: 13 | AD7: =SUM(AB7:AC7) -> 34 | AE7: 1 | AF7: ='เวลาเรียน4-16'!B6 -> เด็กชายกฤษดา บัวศรี | AG7: =O7 -> 37 | AH7: =AD7 -> 34 | AI7: =SUM(AG7:AH7) -> 71 | AJ7: =IF(AI7>79,4,IF(AI7>74,3.5,IF(AI7>69,3,IF(AI7>64,2.5,IF(AI7>59,2,IF(AI7>54,1.5,IF(AI7>49,1,IF(AI7<50,0)))))))) -> 3 | AN7: รวมทั้งปลอดภัยต่อสุขภาพ
A8: 2 | B8: ='เวลาเรียน4-16'!B7 -> เด็กชายจิรายุ ดอบุตร | C8: 8 | D8: 9 | E8: 8 | M8: =SUM(C8:L8) -> 25 | N8: 8 | O8: =SUM(M8:N8) -> 33 | P8: 2 | Q8: =B8 -> เด็กชายจิรายุ ดอบุตร | R8: 9 | S8: 9 | T8: 8 | AB8: =SUM(R8:AA8) -> 26 | AC8: 12 | AD8: =SUM(AB8:AC8) -> 38 | AE8: 2 | AF8: ='เวลาเรียน4-16'!B7 -> เด็กชายจิรายุ ดอบุตร | AG8: =O8 -> 33 | AH8: =AD8 -> 38 | AI8: =SUM(AG8:AH8) -> 71 | AJ8: =IF(AI8>79,4,IF(AI8>74,3.5,IF(AI8>69,3,IF(AI8>64,2.5,IF(AI8>59,2,IF(AI8>54,1.5,IF(AI8>49,1,IF(AI8<50,0)))))))) -> 3 | AM8: 4 | AN8: สร้างแบบจำลองระบบย่อยอาหาร และบรรยายหน้าที่ของอวัยวะในระบบย่อยอาหาร รวมทั้งอธิบายการย่อยอาหารและการดูดซึมสารอาหาร | AU8: ว 1.2 ป 6/4
A9: 3 | B9: ='เวลาเรียน4-16'!B8 -> เด็กชายจิรายุ เนตรสว่าง | C9: 7 | D9: 9 | E9: 8 | M9: =SUM(C9:L9) -> 24 | N9: 13 | O9: =SUM(M9:N9) -> 37 | P9: 3 | Q9: =B9 -> เด็กชายจิรายุ เนตรสว่าง | R9: 6 | S9: 7 | T9: 8 | AB9: =SUM(R9:AA9) -> 21 | AC9: 14 | AD9: =SUM(AB9:AC9) -> 35 | AE9: 3 | AF9: ='เวลาเรียน4-16'!B8 -> เด็กชายจิรายุ เนตรสว่าง | AG9: =O9 -> 37 | AH9: =AD9 -> 35 | AI9: =SUM(AG9:AH9) -> 72 | AJ9: =IF(AI9>79,4,IF(AI9>74,3.5,IF(AI9>69,3,IF(AI9>64,2.5,IF(AI9>59,2,IF(AI9>54,1.5,IF(AI9>49,1,IF(AI9<50,0)))))))) -> 3 | AM9: 5 | AN9: ตระหนักถึงความสำคัญของระบบย่อยอาหาร โดยการบอกแนวทางในการดูแลรักษาอวัยวะในระบบย่อยอาหารให้ทำงานเป็นปกติ | AU9: ว 1.2 ป 6/5
A10: 4 | B10: ='เวลาเรียน4-16'!B9 -> เด็กชายจีรภัทร คันธมาตย์ | C10: 8 | D10: 8 | E10: 8 | M10: =SUM(C10:L10) -> 24 | N10: 10 | O10: =SUM(M10:N10) -> 34 | P10: 4 | Q10: =B10 -> เด็กชายจีรภัทร คันธมาตย์ | R10: 8 | S10: 8 | T10: 8 | AB10: =SUM(R10:AA10) -> 24 | AC10: 12 | AD10: =SUM(AB10:AC10) -> 36 | AE10: 4 | AF10: ='เวลาเรียน4-16'!B9 -> เด็กชายจีรภัทร คันธมาตย์ | AG10: =O10 -> 34 | AH10: =AD10 -> 36 | AI10: =SUM(AG10:AH10) -> 70 | AJ10: =IF(AI10>79,4,IF(AI10>74,3.5,IF(AI10>69,3,IF(AI10>64,2.5,IF(AI10>59,2,IF(AI10>54,1.5,IF(AI10>49,1,IF(AI10<50,0)))))))) -> 3 | AM10: 6 | AN10: อธิบายและเปรียบเทียบการแยกสารผสม โดยการหยิบออก การร่อน การใช้แม่เหล็กดึงดูด การรินออก การกรอง และการ | AU10: ว 2.1 ป 6/1
A11: 5 | B11: ='เวลาเรียน4-16'!B10 -> เด็กชายปรวัฒน์ โพธิ์ศรี | C11: 6 | D11: 9 | E11: 7 | M11: =SUM(C11:L11) -> 22 | N11: 11 | O11: =SUM(M11:N11) -> 33 | P11: 5 | Q11: =B11 -> เด็กชายปรวัฒน์ โพธิ์ศรี | R11: 8 | S11: 8 | T11: 8 | AB11: =SUM(R11:AA11) -> 24 | AC11: 12 | AD11: =SUM(AB11:AC11) -> 36 | AE11: 5 | AF11: ='เวลาเรียน4-16'!B10 -> เด็กชายปรวัฒน์ โพธิ์ศรี | AG11: =O11 -> 33 | AH11: =AD11 -> 36 | AI11: =SUM(AG11:AH11) -> 69 | AJ11: =IF(AI11>79,4,IF(AI11>74,3.5,IF(AI11>69,3,IF(AI11>64,2.5,IF(AI11>59,2,IF(AI11>54,1.5,IF(AI11>49,1,IF(AI11<50,0)))))))) -> 2.5 | AN11: ตกตะกอน โดยใช้หลักฐานเชิงประจักษ์ รวมทั้งระบุวิธีแก้ปัญหาในชีวิตประจำวันเกี่ยวกับการแยกสาร
A12: 6 | B12: ='เวลาเรียน4-16'!B11 -> เด็กชายพีรภาพ วงคำใหญ่ | C12: 8 | D12: 9 | E12: 8 | M12: =SUM(C12:L12) -> 25 | N12: 18 | O12: =SUM(M12:N12) -> 43 | P12: 6 | Q12: =B12 -> เด็กชายพีรภาพ วงคำใหญ่ | R12: 8 | S12: 8 | T12: 8 | AB12: =SUM(R12:AA12) -> 24 | AC12: 20 | AD12: =SUM(AB12:AC12) -> 44 | AE12: 6 | AF12: ='เวลาเรียน4-16'!B11 -> เด็กชายพีรภาพ วงคำใหญ่ | AG12: =O12 -> 43 | AH12: =AD12 -> 44 | AI12: =SUM(AG12:AH12) -> 87 | AJ12: =IF(AI12>79,4,IF(AI12>74,3.5,IF(AI12>69,3,IF(AI12>64,2.5,IF(AI12>59,2,IF(AI12>54,1.5,IF(AI12>49,1,IF(AI12<50,0)))))))) -> 4 | AM12: 7 | AN12: อธิบายการเกิดและผลของแรงไฟฟ้าซึ่งเกิดจากวัตถุที่ผ่านการขัดถูโดยใช้หลักฐานเชิงประจักษ์ | AU12: ว 2.2 ป 6/1
A13: 7 | B13: ='เวลาเรียน4-16'!B12 -> เด็กหญิงกมลรัตน์ แสดคง | C13: 7 | D13: 9 | E13: 9 | M13: =SUM(C13:L13) -> 25 | N13: 15 | O13: =SUM(M13:N13) -> 40 | P13: 7 | Q13: =B13 -> เด็กหญิงกมลรัตน์ แสดคง | R13: 8 | S13: 9 | T13: 8 | AB13: =SUM(R13:AA13) -> 25 | AC13: 18 | AD13: =SUM(AB13:AC13) -> 43 | AE13: 7 | AF13: ='เวลาเรียน4-16'!B12 -> เด็กหญิงกมลรัตน์ แสดคง | AG13: =O13 -> 40 | AH13: =AD13 -> 43 | AI13: =SUM(AG13:AH13) -> 83 | AJ13: =IF(AI13>79,4,IF(AI13>74,3.5,IF(AI13>69,3,IF(AI13>64,2.5,IF(AI13>59,2,IF(AI13>54,1.5,IF(AI13>49,1,IF(AI13<50,0)))))))) -> 4 | AM13: 8 | AN13: ระบุส่วนประกอบและบรรยายหน้าที่ ของแต่ละส่วนประกอบของวงจรไฟฟ้า อย่างง่ายจากหลักฐานเชิงประจักษ์ | AU13: ว 2.3 ป 6/1
A14: 8 | B14: ='เวลาเรียน4-16'!B13 -> เด็กหญิงกัลยรัตน์ ทึงสุข | C14: 8 | D14: 9 | E14: 9 | M14: =SUM(C14:L14) -> 26 | N14: 18 | O14: =SUM(M14:N14) -> 44 | P14: 8 | Q14: =B14 -> เด็กหญิงกัลยรัตน์ ทึงสุข | R14: 8 | S14: 9 | T14: 8 | AB14: =SUM(R14:AA14) -> 25 | AC14: 20 | AD14: =SUM(AB14:AC14) -> 45 | AE14: 8 | AF14: ='เวลาเรียน4-16'!B13 -> เด็กหญิงกัลยรัตน์ ทึงสุข | AG14: =O14 -> 44 | AH14: =AD14 -> 45 | AI14: =SUM(AG14:AH14) -> 89 | AJ14: =IF(AI14>79,4,IF(AI14>74,3.5,IF(AI14>69,3,IF(AI14>64,2.5,IF(AI14>59,2,IF(AI14>54,1.5,IF(AI14>49,1,IF(AI14<50,0)))))))) -> 4 | AM14: 9 | AN14: เขียนแผนภาพและต่อวงจรไฟฟ้าอย่างง่าย | AU14: ว 2.3 ป 6/2
A15: 9 | B15: ='เวลาเรียน4-16'!B14 -> เด็กหญิงนิตยา พละโท | C15: 8 | D15: 9 | E15: 9 | M15: =SUM(C15:L15) -> 26 | N15: 16 | O15: =SUM(M15:N15) -> 42 | P15: 9 | Q15: =B15 -> เด็กหญิงนิตยา พละโท | R15: 8 | S15: 9 | T15: 9 | AB15: =SUM(R15:AA15) -> 26 | AC15: 18 | AD15: =SUM(AB15:AC15) -> 44 | AE15: 9 | AF15: ='เวลาเรียน4-16'!B14 -> เด็กหญิงนิตยา พละโท | AG15: =O15 -> 42 | AH15: =AD15 -> 44 | AI15: =SUM(AG15:AH15) -> 86 | AJ15: =IF(AI15>79,4,IF(AI15>74,3.5,IF(AI15>69,3,IF(AI15>64,2.5,IF(AI15>59,2,IF(AI15>54,1.5,IF(AI15>49,1,IF(AI15<50,0)))))))) -> 4 | AM15: 10 | AN15: ออกแบบกำรทดลองและทดลองด้วยวิธีที่เหมาะสมในการอธิบายวิธีการและผลของการต่อเซลล์ไฟฟ้าแบบอนุกรม | AU15: ว 2.3 ป 6/3
A16: 10 | B16: ='เวลาเรียน4-16'!B15 -> เด็กหญิงบัณฑิตา เบ้าพงษ์ | C16: 7 | D16: 9 | E16: 9 | M16: =SUM(C16:L16) -> 25 | N16: 13 | O16: =SUM(M16:N16) -> 38 | P16: 10 | Q16: =B16 -> เด็กหญิงบัณฑิตา เบ้าพงษ์ | R16: 7 | S16: 9 | T16: 8 | AB16: =SUM(R16:AA16) -> 24 | AC16: 15 | AD16: =SUM(AB16:AC16) -> 39 | AE16: 10 | AF16: ='เวลาเรียน4-16'!B15 -> เด็กหญิงบัณฑิตา เบ้าพงษ์ | AG16: =O16 -> 38 | AH16: =AD16 -> 39 | AI16: =SUM(AG16:AH16) -> 77 | AJ16: =IF(AI16>79,4,IF(AI16>74,3.5,IF(AI16>69,3,IF(AI16>64,2.5,IF(AI16>59,2,IF(AI16>54,1.5,IF(AI16>49,1,IF(AI16<50,0)))))))) -> 3.5 | AM16: 11 | AN16: ตระหนักถึงประโยชน์ของความรู้ของการต่อเซลล์ไฟฟ้าแบบอนุกรมโดยบอกประโยชน์และการประยุกต์ใช้ในชีวิตประจำวัน | AU16: ว 2.3ป 6/4
A17: 11 | B17: ='เวลาเรียน4-16'!B16 -> เด็กหญิงพัชรกัญญ์ บาลนาคม | C17: 8 | D17: 9 | E17: 9 | M17: =SUM(C17:L17) -> 26 | N17: 14 | O17: =SUM(M17:N17) -> 40 | P17: 11 | Q17: =B17 -> เด็กหญิงพัชรกัญญ์ บาลนาคม | R17: 8 | S17: 9 | T17: 8 | AB17: =SUM(R17:AA17) -> 25 | AC17: 15 | AD17: =SUM(AB17:AC17) -> 40 | AE17: 11 | AF17: ='เวลาเรียน4-16'!B16 -> เด็กหญิงพัชรกัญญ์ บาลนาคม | AG17: =O17 -> 40 | AH17: =AD17 -> 40 | AI17: =SUM(AG17:AH17) -> 80 | AJ17: =IF(AI17>79,4,IF(AI17>74,3.5,IF(AI17>69,3,IF(AI17>64,2.5,IF(AI17>59,2,IF(AI17>54,1.5,IF(AI17>49,1,IF(AI17<50,0)))))))) -> 4 | AM17: 12 | AN17: ออกแบบการทดลองและทดลองด้วยวิธีที่เหมาะสมในการอธิบายการต่อหลอดไฟฟ้าแบบอนุกรมและแบบขนาน | AU17: ว 2.3ป 6/5
A18: 12 | B18: ='เวลาเรียน4-16'!B17 -> เด็กหญิงสุวิชาดา ชูจิตร | C18: 6 | D18: 9 | E18: 8 | M18: =SUM(C18:L18) -> 23 | N18: 10 | O18: =SUM(M18:N18) -> 33 | P18: 12 | Q18: =B18 -> เด็กหญิงสุวิชาดา ชูจิตร | R18: 8 | S18: 8 | T18: 8 | AB18: =SUM(R18:AA18) -> 24 | AC18: 13 | AD18: =SUM(AB18:AC18) -> 37 | AE18: 12 | AF18: ='เวลาเรียน4-16'!B17 -> เด็กหญิงสุวิชาดา ชูจิตร | AG18: =O18 -> 33 | AH18: =AD18 -> 37 | AI18: =SUM(AG18:AH18) -> 70 | AJ18: =IF(AI18>79,4,IF(AI18>74,3.5,IF(AI18>69,3,IF(AI18>64,2.5,IF(AI18>59,2,IF(AI18>54,1.5,IF(AI18>49,1,IF(AI18<50,0)))))))) -> 3 | AM18: 13 | AN18: ตระหนักถึงประโยชน์ของความรู้ของการต่อหลอดไฟฟ้าแบบอนุกรมและแบบขนาน โดยบอกประโยชน์ ข้อจำกัด และการ | AU18: ว 2.3 ป 6/6
A19: 13 | B19: ='เวลาเรียน4-16'!B18 -> เด็กหญิงปุญญิศา อุปทุม | C19: 8 | D19: 9 | E19: 9 | M19: =SUM(C19:L19) -> 26 | N19: 18 | O19: =SUM(M19:N19) -> 44 | P19: 13 | Q19: =B19 -> เด็กหญิงปุญญิศา อุปทุม | R19: 8 | S19: 9 | T19: 9 | AB19: =SUM(R19:AA19) -> 26 | AC19: 20 | AD19: =SUM(AB19:AC19) -> 46 | AE19: 13 | AF19: ='เวลาเรียน4-16'!B18 -> เด็กหญิงปุญญิศา อุปทุม | AG19: =O19 -> 44 | AH19: =AD19 -> 46 | AI19: =SUM(AG19:AH19) -> 90 | AJ19: =IF(AI19>79,4,IF(AI19>74,3.5,IF(AI19>69,3,IF(AI19>64,2.5,IF(AI19>59,2,IF(AI19>54,1.5,IF(AI19>49,1,IF(AI19<50,0)))))))) -> 4 | AN19: ประยุกต์ใช้ในชีวิตประจำวัน
AM20: 15 | AN20: เขียนแผนภาพรังสีของแสงแสดงการเกิดเงามืดเงามัว | AU20: ว 2.3 ป 6/8
AM21: 16 | AN21: สร้างแบบจำลองที่อธิบายการเกิด และเปรียบเทียบปรากฏการณ์สุริยุปราคา และจันทรุปราคา | AU21: ว 3.1 ป 6/1
AM22: 17 | AN22: อธิบายพัฒนาการของเทคโนโลยีอวกาศ และยกตัวอย่างการนำเทคโนโลยีอวกาศมาใช้ประโยชน์ในชีวิตประจำวัน จากข้อมูลที่รวบรวมได้ | AU22: ว 3.1 ป 6/2
AM23: 18 | AN23: เปรียบเทียบกระบวนการเกิดหินอัคนี หินตะกอน และหินแปรและอธิบายวัฏจักรหินจากแบบจำลอง | AU23: ว 3.2 ป 6/1
AM24: 19 | AN24: บรรยายและยกตัวอย่างการใช้ประโยชน์ของหินและแร่ในชีวิตประจำวันจากข้อมูล ที่รวบรวมได้ | AU24: ว 3.2 ป 6/2
AM25: 20 | AN25: สร้างแบบจำลองที่อธิบายการเกิด ซากดึกดำบรรพ์และคาดคะเนสภาพแวดล้อมในอดีตของซากดึกดำบรรพ์ | AU25: ว 3.2 ป 6/3
AM26: 21 | AN26: อธิบายผลของมรสุมต่อการเกิดฤดูของประเทศไทย จากข้อมูลที่รวบรวมได้ | AU26: ว 3.2 ป 6/5
AM27: 22 | AN27: บรรยายลักษณะและผลกระทบของ น้ำท่วม การกัดเซาะชายฝั่ง ดินถล่ม แผ่นดินไหว สึนามิ | AU27: ว 3.2 ป 6/6
AM28: 23 | AN28: ตระหนักถึงผลกระทบของภัยธรรมชำติและธรณีพิบัติภัย โดยนำเสนอแนวทางในการเฝ้าระวังและปฏิบัติตนให้ปลอดภัยจากภัย | AU28: ว 3.2 ป 6/7
AN29: ธรรมชาติและธรณีพิบัติภัยที่อาจเกิดในท้องถิ่น
AM30: 24 | AN30: สร้างแบบจำลองที่อธิบายการเกิดปรากฏการณ์เรือนกระจกและผลของปรากฏการณ์เรือนกระจกต่อสิ่งมีชีวิต | AU30: ว 3.2 ป 6/8
AM31: 25 | AN31: ตระหนักถึงผลกระทบของปรากฏการณ์เรือนกระจกโดยนำเสนอแนวทางการปฏิบัติตนเพื่อลดกิจกรรมที่ก่อให้เกิดแก๊สเรือนกระจก | AU31: ว 3.2 ป 6/9
AM32: 26 | AN32: ใช้เหตุผลเชิงตรรกะในการอธิบายและออกแบบวิธีการแก้ปัญหาที่พบในชีวิตประจำวัน | AU32: ว 4.2 ป 6/1
AM33: 27 | AN33: ออกแบบและเขียนโปรแกรมอย่างง่าย เพื่อแก้ปัญหาในชีวิตประจำวัน ตรวจหาข้อผิด พลาด ของโปรแกรมและแก้ไข | AU33: ว 4.2 ป 6/2
AM34: 28 | AN34: ใช้อินเทอร์เน็ตในการค้นหาข้อมูลอย่างมีประสิทธิภาพ | AU34: ว 4.2 ป 6/3
AM35: 29 | AN35: ใช้เทคโนโลยีสารสนเทศทำงานร่วมกันอย่างปลอดภัย เข้าใจสิทธิและหน้าที่ของตน เคารพในสิทธิของผู้อื่น แจ้งผู้เกี่ยวข้องเมื่อพบ | AU35: ว 4.2 ป 6/4
AN36: ข้อมูลหรือบุคคลที่ไม่เหมาะสม

Sheet สังคม29-32
O1: 29 | AD1: 30 | AL1: 31 | AU1: 32
A2: การวัดผลกลางปี | P2: การวัดผลปลายปี | AE2: ผลการประเมินการเรียนรู้ ปีการศึกษา 2567 | AM2: มาตรฐานและตัวชี้วัด /ผลการเรียนรู้
A3: รายวิชา สังคมศึกษา ศาสนาและวัฒนธรรม (ส16101) | P3: =A3 -> รายวิชา สังคมศึกษา ศาสนาและวัฒนธรรม (ส16101) | AE3: =A3 -> รายวิชา สังคมศึกษา ศาสนาและวัฒนธรรม (ส16101) | AM3: รายวิชา สังคมศึกษา ศาสนาและวัฒนธรรม ส16101
A4: เลขที่ | B4: ชื่อ | C4: คะแนนผลการเรียนรู้ ภาคเรียนที่ 1 | N4: ปลายภาค 1 | O4: รวมคะแนน | P4: เลขที่ | Q4: ชื่อ | R4: คะแนนผลการเรียนรู้ ภาคเรียนที่ 2 | AC4: ปลายภาค2 | AD4: รวมคะแนน | AE4: เลขที่ | AF4: ชื่อ | AG4: คะแนนภาคเรียนที่ 1 | AH4: คะแนนภาคเรียนที่ 2 | AI4: รวมคะแนนทั้งปี | AJ4: ผลการเรียน | AK4: ผลการแก้ไข | AL4: หมายเหตุ | AM4: 1. วิเคราะห์ความสำคัญของพระพุทธ- ศาสนาในฐานะเป็นศาสนาประจำชาติ หรือความสำคัญของศาสนาที่ตนนับถือ | AU4: ส 1.1 ป.6/1
B5: หน่วยที่ | M5: รวม | Q5: หน่วยที่ | AB5: รวม | AM5: 2. สรุปพุทธประวัติตั้งแต่ปลงอายุสังขารจนถึงสังเวชนียสถาน หรือประวัติศาสดาที่ตนนับถือตามที่กำหนด | AU5: ส 1.1 ป.6/2
B6: คะแนนเต็ม | C6: 10 | D6: 10 | E6: 10 | M6: =SUM(C6:L6) -> 30 | N6: 20 | O6: =SUM(M6:N6) -> 50 | Q6: คะแนนเต็ม | R6: 10 | S6: 10 | T6: 10 | AB6: =SUM(R6:AA6) -> 30 | AC6: 20 | AD6: =SUM(AB6:AC6) -> 50 | AF6: คะแนนเต็ม | AG6: 50 | AH6: 50 | AI6: 100 | AM6: 3. เห็นคุณค่าและประพฤติตนตามแบบอย่างการดำเนินชีวิตและข้อคิดจากประวัติสาวก ชาดก/เรื่องเล่า และศาสนิกชน | AU6: ส 1.1 ป.6/3
A7: 1 | B7: ='เวลาเรียน4-16'!B6 -> เด็กชายกฤษดา บัวศรี | C7: 8 | D7: 8 | E7: 8 | M7: =SUM(C7:L7) -> 24 | N7: 15 | O7: =SUM(M7:N7) -> 39 | P7: 1 | Q7: =B7 -> เด็กชายกฤษดา บัวศรี | R7: 8 | S7: 9 | T7: 7 | AB7: =SUM(R7:AA7) -> 24 | AC7: 14 | AD7: =SUM(AB7:AC7) -> 38 | AE7: 1 | AF7: ='เวลาเรียน4-16'!B6 -> เด็กชายกฤษดา บัวศรี | AG7: =O7 -> 39 | AH7: =AD7 -> 38 | AI7: =SUM(AG7:AH7) -> 77 | AJ7: =IF(AI7>79,4,IF(AI7>74,3.5,IF(AI7>69,3,IF(AI7>64,2.5,IF(AI7>59,2,IF(AI7>54,1.5,IF(AI7>49,1,IF(AI7<50,0)))))))) -> 3.5 | AM7: ตัวอย่างตามที่กำหนด
A8: 2 | B8: ='เวลาเรียน4-16'!B7 -> เด็กชายจิรายุ ดอบุตร | C8: 8 | D8: 8 | E8: 8 | M8: =SUM(C8:L8) -> 24 | N8: 15 | O8: =SUM(M8:N8) -> 39 | P8: 2 | Q8: =B8 -> เด็กชายจิรายุ ดอบุตร | R8: 8 | S8: 8 | T8: 8 | AB8: =SUM(R8:AA8) -> 24 | AC8: 15 | AD8: =SUM(AB8:AC8) -> 39 | AE8: 2 | AF8: ='เวลาเรียน4-16'!B7 -> เด็กชายจิรายุ ดอบุตร | AG8: =O8 -> 39 | AH8: =AD8 -> 39 | AI8: =SUM(AG8:AH8) -> 78 | AJ8: =IF(AI8>79,4,IF(AI8>74,3.5,IF(AI8>69,3,IF(AI8>64,2.5,IF(AI8>59,2,IF(AI8>54,1.5,IF(AI8>49,1,IF(AI8<50,0)))))))) -> 3.5 | AM8: 4. วิเคราะห์ความสำคัญและเคารพพระรัตนตรัย ปฏิบัติตามไตรสิกขาและหลักธรรมโอวาท 3 ในพระพุทธศาสนา หรือ | AU8: ส 1.1 ป.6/4
A9: 3 | B9: ='เวลาเรียน4-16'!B8 -> เด็กชายจิรายุ เนตรสว่าง | C9: 9 | D9: 10 | E9: 10 | M9: =SUM(C9:L9) -> 29 | N9: 17 | O9: =SUM(M9:N9) -> 46 | P9: 3 | Q9: =B9 -> เด็กชายจิรายุ เนตรสว่าง | R9: 10 | S9: 9 | T9: 10 | AB9: =SUM(R9:AA9) -> 29 | AC9: 16 | AD9: =SUM(AB9:AC9) -> 45 | AE9: 3 | AF9: ='เวลาเรียน4-16'!B8 -> เด็กชายจิรายุ เนตรสว่าง | AG9: =O9 -> 46 | AH9: =AD9 -> 45 | AI9: =SUM(AG9:AH9) -> 91 | AJ9: =IF(AI9>79,4,IF(AI9>74,3.5,IF(AI9>69,3,IF(AI9>64,2.5,IF(AI9>59,2,IF(AI9>54,1.5,IF(AI9>49,1,IF(AI9<50,0)))))))) -> 4 | AM9: หลักธรรมของศาสนาที่ตนนับถือตามที่กำหนด
A10: 4 | B10: ='เวลาเรียน4-16'!B9 -> เด็กชายจีรภัทร คันธมาตย์ | C10: 9 | D10: 9 | E10: 9 | M10: =SUM(C10:L10) -> 27 | N10: 15 | O10: =SUM(M10:N10) -> 42 | P10: 4 | Q10: =B10 -> เด็กชายจีรภัทร คันธมาตย์ | R10: 9 | S10: 9 | T10: 9 | AB10: =SUM(R10:AA10) -> 27 | AC10: 16 | AD10: =SUM(AB10:AC10) -> 43 | AE10: 4 | AF10: ='เวลาเรียน4-16'!B9 -> เด็กชายจีรภัทร คันธมาตย์ | AG10: =O10 -> 42 | AH10: =AD10 -> 43 | AI10: =SUM(AG10:AH10) -> 85 | AJ10: =IF(AI10>79,4,IF(AI10>74,3.5,IF(AI10>69,3,IF(AI10>64,2.5,IF(AI10>59,2,IF(AI10>54,1.5,IF(AI10>49,1,IF(AI10<50,0)))))))) -> 4 | AM10: 5. ชื่นชมการทำความดีของบุคคลในประเทศตามหลักศาสนา พร้อมทั้งบอกแนวปฏิบัติในการดำเนินชีวิต | AU10: ส 1.1 ป.6/5
A11: 5 | B11: ='เวลาเรียน4-16'!B10 -> เด็กชายปรวัฒน์ โพธิ์ศรี | C11: 9 | D11: 10 | E11: 10 | M11: =SUM(C11:L11) -> 29 | N11: 17 | O11: =SUM(M11:N11) -> 46 | P11: 5 | Q11: =B11 -> เด็กชายปรวัฒน์ โพธิ์ศรี | R11: 9 | S11: 9 | T11: 9 | AB11: =SUM(R11:AA11) -> 27 | AC11: 17 | AD11: =SUM(AB11:AC11) -> 44 | AE11: 5 | AF11: ='เวลาเรียน4-16'!B10 -> เด็กชายปรวัฒน์ โพธิ์ศรี | AG11: =O11 -> 46 | AH11: =AD11 -> 44 | AI11: =SUM(AG11:AH11) -> 90 | AJ11: =IF(AI11>79,4,IF(AI11>74,3.5,IF(AI11>69,3,IF(AI11>64,2.5,IF(AI11>59,2,IF(AI11>54,1.5,IF(AI11>49,1,IF(AI11<50,0)))))))) -> 4 | AM11: 6. เห็นคุณค่าและสวดมนต์แผ่เมตตา และบริหารจิตเจริญปัญญา มีสติที่เป็นพื้นฐานของสมาธิในพระพุทธศาสนา หรือ | AU11: ส 1.1 ป.6/6
A12: 6 | B12: ='เวลาเรียน4-16'!B11 -> เด็กชายพีรภาพ วงคำใหญ่ | C12: 10 | D12: 10 | E12: 10 | M12: =SUM(C12:L12) -> 30 | N12: 18 | O12: =SUM(M12:N12) -> 48 | P12: 6 | Q12: =B12 -> เด็กชายพีรภาพ วงคำใหญ่ | R12: 10 | S12: 10 | T12: 10 | AB12: =SUM(R12:AA12) -> 30 | AC12: 16 | AD12: =SUM(AB12:AC12) -> 46 | AE12: 6 | AF12: ='เวลาเรียน4-16'!B11 -> เด็กชายพีรภาพ วงคำใหญ่ | AG12: =O12 -> 48 | AH12: =AD12 -> 46 | AI12: =SUM(AG12:AH12) -> 94 | AJ12: =IF(AI12>79,4,IF(AI12>74,3.5,IF(AI12>69,3,IF(AI12>64,2.5,IF(AI12>59,2,IF(AI12>54,1.5,IF(AI12>49,1,IF(AI12<50,0)))))))) -> 4 | AM12: การพัฒนาจิตตามแนวทางของศาสนาที่ตนนับถือ ตามที่กำหนด
A13: 7 | B13: ='เวลาเรียน4-16'!B12 -> เด็กหญิงกมลรัตน์ แสดคง | C13: 9 | D13: 9 | E13: 9 | M13: =SUM(C13:L13) -> 27 | N13: 16 | O13: =SUM(M13:N13) -> 43 | P13: 7 | Q13: =B13 -> เด็กหญิงกมลรัตน์ แสดคง | R13: 9 | S13: 9 | T13: 9 | AB13: =SUM(R13:AA13) -> 27 | AC13: 15 | AD13: =SUM(AB13:AC13) -> 42 | AE13: 7 | AF13: ='เวลาเรียน4-16'!B12 -> เด็กหญิงกมลรัตน์ แสดคง | AG13: =O13 -> 43 | AH13: =AD13 -> 42 | AI13: =SUM(AG13:AH13) -> 85 | AJ13: =IF(AI13>79,4,IF(AI13>74,3.5,IF(AI13>69,3,IF(AI13>64,2.5,IF(AI13>59,2,IF(AI13>54,1.5,IF(AI13>49,1,IF(AI13<50,0)))))))) -> 4 | AM13: 7. ปฏิบัติตนตามหลักธรรมของศาสนาที่ตนนับถือ เพื่อแก้ปัญหาอบายมุขและ สิ่งเสพติด | AU13: ส 1.1 ป.6/7
A14: 8 | B14: ='เวลาเรียน4-16'!B13 -> เด็กหญิงกัลยรัตน์ ทึงสุข | C14: 9 | D14: 9 | E14: 9 | M14: =SUM(C14:L14) -> 27 | N14: 14 | O14: =SUM(M14:N14) -> 41 | P14: 8 | Q14: =B14 -> เด็กหญิงกัลยรัตน์ ทึงสุข | R14: 9 | S14: 9 | T14: 9 | AB14: =SUM(R14:AA14) -> 27 | AC14: 13 | AD14: =SUM(AB14:AC14) -> 40 | AE14: 8 | AF14: ='เวลาเรียน4-16'!B13 -> เด็กหญิงกัลยรัตน์ ทึงสุข | AG14: =O14 -> 41 | AH14: =AD14 -> 40 | AI14: =SUM(AG14:AH14) -> 81 | AJ14: =IF(AI14>79,4,IF(AI14>74,3.5,IF(AI14>69,3,IF(AI14>64,2.5,IF(AI14>59,2,IF(AI14>54,1.5,IF(AI14>49,1,IF(AI14<50,0)))))))) -> 4 | AM14: 8. อธิบายหลักธรรมสำคัญของศาสนาอื่นๆ โดยสังเขป | AU14: ส 1.1 ป.6/8
A15: 9 | B15: ='เวลาเรียน4-16'!B14 -> เด็กหญิงนิตยา พละโท | C15: 9 | D15: 9 | E15: 9 | M15: =SUM(C15:L15) -> 27 | N15: 15 | O15: =SUM(M15:N15) -> 42 | P15: 9 | Q15: =B15 -> เด็กหญิงนิตยา พละโท | R15: 9 | S15: 9 | T15: 9 | AB15: =SUM(R15:AA15) -> 27 | AC15: 14 | AD15: =SUM(AB15:AC15) -> 41 | AE15: 9 | AF15: ='เวลาเรียน4-16'!B14 -> เด็กหญิงนิตยา พละโท | AG15: =O15 -> 42 | AH15: =AD15 -> 41 | AI15: =SUM(AG15:AH15) -> 83 | AJ15: =IF(AI15>79,4,IF(AI15>74,3.5,IF(AI15>69,3,IF(AI15>64,2.5,IF(AI15>59,2,IF(AI15>54,1.5,IF(AI15>49,1,IF(AI15<50,0)))))))) -> 4 | AM15: 9. อธิบายลักษณะสำคัญของศาสนพิธีพิธีกรรมของศาสนาอื่นๆ และปฏิบัติตนได้อย่างเหมาะสมเมื่อต้องเข้าร่วมพิธี | AU15: ส 1.1 ป.6/9
A16: 10 | B16: ='เวลาเรียน4-16'!B15 -> เด็กหญิงบัณฑิตา เบ้าพงษ์ | C16: 9 | D16: 9 | E16: 9 | M16: =SUM(C16:L16) -> 27 | N16: 16 | O16: =SUM(M16:N16) -> 43 | P16: 10 | Q16: =B16 -> เด็กหญิงบัณฑิตา เบ้าพงษ์ | R16: 9 | S16: 9 | T16: 9 | AB16: =SUM(R16:AA16) -> 27 | AC16: 17 | AD16: =SUM(AB16:AC16) -> 44 | AE16: 10 | AF16: ='เวลาเรียน4-16'!B15 -> เด็กหญิงบัณฑิตา เบ้าพงษ์ | AG16: =O16 -> 43 | AH16: =AD16 -> 44 | AI16: =SUM(AG16:AH16) -> 87 | AJ16: =IF(AI16>79,4,IF(AI16>74,3.5,IF(AI16>69,3,IF(AI16>64,2.5,IF(AI16>59,2,IF(AI16>54,1.5,IF(AI16>49,1,IF(AI16<50,0)))))))) -> 4 | AM16: 10. อธิบายความรู้เกี่ยวกับสถานที่ต่างๆ ในศาสนสถาน และปฏิบัติตนได้อย่างเหมาะสม | AU16: ส 1.2 ป.6/1
A17: 11 | B17: ='เวลาเรียน4-16'!B16 -> เด็กหญิงพัชรกัญญ์ บาลนาคม | C17: 9 | D17: 9 | E17: 9 | M17: =SUM(C17:L17) -> 27 | N17: 14 | O17: =SUM(M17:N17) -> 41 | P17: 11 | Q17: =B17 -> เด็กหญิงพัชรกัญญ์ บาลนาคม | R17: 9 | S17: 9 | T17: 9 | AB17: =SUM(R17:AA17) -> 27 | AC17: 15 | AD17: =SUM(AB17:AC17) -> 42 | AE17: 11 | AF17: ='เวลาเรียน4-16'!B16 -> เด็กหญิงพัชรกัญญ์ บาลนาคม | AG17: =O17 -> 41 | AH17: =AD17 -> 42 | AI17: =SUM(AG17:AH17) -> 83 | AJ17: =IF(AI17>79,4,IF(AI17>74,3.5,IF(AI17>69,3,IF(AI17>64,2.5,IF(AI17>59,2,IF(AI17>54,1.5,IF(AI17>49,1,IF(AI17<50,0)))))))) -> 4 | AM17: 11. มีมรรยาทของความเป็นศาสนิกชนที่ดี ตามที่กำหนด | AU17: ส 1.2 ป.6/2
A18: 12 | B18: ='เวลาเรียน4-16'!B17 -> เด็กหญิงสุวิชาดา ชูจิตร | C18: 9 | D18: 9 | E18: 9 | M18: =SUM(C18:L18) -> 27 | N18: 13 | O18: =SUM(M18:N18) -> 40 | P18: 12 | Q18: =B18 -> เด็กหญิงสุวิชาดา ชูจิตร | R18: 9 | S18: 9 | T18: 9 | AB18: =SUM(R18:AA18) -> 27 | AC18: 14 | AD18: =SUM(AB18:AC18) -> 41 | AE18: 12 | AF18: ='เวลาเรียน4-16'!B17 -> เด็กหญิงสุวิชาดา ชูจิตร | AG18: =O18 -> 40 | AH18: =AD18 -> 41 | AI18: =SUM(AG18:AH18) -> 81 | AJ18: =IF(AI18>79,4,IF(AI18>74,3.5,IF(AI18>69,3,IF(AI18>64,2.5,IF(AI18>59,2,IF(AI18>54,1.5,IF(AI18>49,1,IF(AI18<50,0)))))))) -> 4 | AM18: 12. อธิบายประโยชน์ของการเข้าร่วมใน ศาสนพิธี พิธีกรรม และกิจกรรมในวันสำคัญทางศาสนา ตามที่กำหนดและ | AU18: ส 1.2 ป.6/3
A19: 13 | B19: ='เวลาเรียน4-16'!B18 -> เด็กหญิงปุญญิศา อุปทุม | C19: 10 | D19: 10 | E19: 10 | M19: =SUM(C19:L19) -> 30 | N19: 18 | O19: =SUM(M19:N19) -> 48 | P19: 13 | Q19: =B19 -> เด็กหญิงปุญญิศา อุปทุม | R19: 10 | S19: 10 | T19: 10 | AB19: =SUM(R19:AA19) -> 30 | AC19: 19 | AD19: =SUM(AB19:AC19) -> 49 | AE19: 13 | AF19: ='เวลาเรียน4-16'!B18 -> เด็กหญิงปุญญิศา อุปทุม | AG19: =O19 -> 48 | AH19: =AD19 -> 49 | AI19: =SUM(AG19:AH19) -> 97 | AJ19: =IF(AI19>79,4,IF(AI19>74,3.5,IF(AI19>69,3,IF(AI19>64,2.5,IF(AI19>59,2,IF(AI19>54,1.5,IF(AI19>49,1,IF(AI19<50,0)))))))) -> 4 | AM19: ปฏิบัติตนได้ถูกต้อง
AB20: =SUM(R20:AA20) -> 0 | AM20: 14. ปฏิบัติตามกฎหมายที่เกี่ยวข้องกับชีวิตประจำวันของครอบครัวและชุมชน | AU20: ส 2.1 ป.6/1
AM21: 15. วิเคราะห์การเปลี่ยนแปลงวัฒนธรรมตามกาลเวลาและธำรงรักษาวัฒนธรรม อันดีงาม | AU21: ส 2.1 ป.6/2
AM22: 16. แสดงออกถึงมารยาทไทยได้เหมาะสมถูกกาลเทศะ | AU22: ส 2.1 ป.6/3
AM23: 17. อธิบายคุณค่าทางวัฒนธรรมที่แตกต่างกันระหว่างกลุ่มคนในสังคมไทย | AU23: ส 2.1 ป.6/4
AM24: 18. ติดตามข้อมูล ข่าวสาร เหตุการณ์ต่างๆ ในชีวิตประจำวัน เลือกรับและใช้ข้อมูล ข่าวสารในการเรียนรู้ได้เหมาะสม | AU24: ส 2.1 ป.6/5
AM25: 19. เปรียบเทียบบทบาท หน้าที่ขององค์กรปกครองส่วนท้องถิ่นและรัฐบาล | AU25: ส 2.2 ป.6/1
AM26: 20. มีส่วนร่วมในกิจกรรมต่างๆ ที่ส่งเสริม ประชาธิปไตยในท้องถิ่นและประเทศ | AU26: ส 2.2 ป.6/2
AM27: 21. อภิปรายบทบาท ความสำคัญในการใช้สิทธิออกเสียงเลือกตั้งตามระบอบประชาธิปไตย | AU27: ส 2.2 ป.6/3
AM28: 22. อธิบายบทบาทของผู้ผลิตที่มีความรับผิดชอบ | AU28: ส 3.1 ป.6/1
AM29: 23. อธิบายบทบาทของผู้บริโภคที่รู้เท่าทัน | AU29: ส 3.1 ป.6/2
AM30: 24. บอกวิธีและประโยชน์ของการใช้ทรัพยากรอย่างยั่งยืน | AU30: ส 3.1 ป.6/3
AM31: 25. อธิบายความสัมพันธ์ระหว่างผู้ผลิต ผู้บริโภค ธนาคาร และรัฐบาล | AU31: ส 3.2 ป.6/1
AM32: 26. ยกตัวอย่างการรวมกลุ่มทางเศรษฐกิจภายในท้องถิ่น | AU32: ส 3.2 ป.6/2
... AM37: 31. นำเสนอตัวอย่างที่สะท้อนให้เห็นผลจากการรักษาและทำลายทรัพยากรและสิ่งแวดล้อม และเสนอแนวทางในการ | AU37: ส 5.2 ป.6/3
AM38: จัดการที่ยั่งยืนในประเทศไทย

Sheet ประวัติ33-36
O1: 33 | AD1: 34 | AL1: 35 | AU1: 36
A2: การวัดผลกลางปี | P2: การวัดผลปลายปี | AE2: ผลการประเมินการเรียนรู้ ปีการศึกษา 2566 | AM2: มาตรฐานและตัวชี้วัด /ผลการเรียนรู้
A3: รายวิชา ประวัติศาสตร์ (ส16102) | P3: =A3 -> รายวิชา ประวัติศาสตร์ (ส16102) | AE3: =A3 -> รายวิชา ประวัติศาสตร์ (ส16102) | AM3: รายวิชา ประวัติศาสตร์ ส16102
A4: เลขที่ | B4: ชื่อ | C4: คะแนนผลการเรียนรู้ ภาคเรียนที่ 1 | N4: ปลายภาค 1 | O4: รวมคะแนน | P4: เลขที่ | Q4: ชื่อ | R4: คะแนนผลการเรียนรู้ ภาคเรียนที่ 2 | AC4: ปลายภาค2 | AD4: รวมคะแนน | AE4: เลขที่ | AF4: ชื่อ | AG4: คะแนนภาคเรียนที่ 1 | AH4: คะแนนภาคเรียนที่ 2 | AI4: รวมคะแนนทั้งปี | AJ4: ผลการเรียน | AK4: ผลการแก้ไข | AL4: หมายเหตุ
B5: หน่วยที่ | M5: รวม | Q5: หน่วยที่ | AB5: รวม | AM5: 1. อธิบายความสำคัญของวิธีการทางประวัติศาสตร์ในการศึกษาเรื่องราวทางประวัติศาสตร์อย่างง่ายๆ | AU5: ส 4.1 ป.6/1
B6: คะแนนเต็ม | C6: 10 | D6: 10 | E6: 10 | M6: =SUM(C6:L6) -> 30 | N6: 20 | O6: =SUM(M6:N6) -> 50 | Q6: คะแนนเต็ม | R6: 10 | S6: 10 | T6: 10 | AB6: 30 | AC6: 20 | AD6: =SUM(AB6:AC6) -> 50 | AF6: คะแนนเต็ม | AG6: 50 | AH6: 50 | AI6: 100 | AM6: 2. นำเสนอข้อมูลจากหลักฐานที่หลากหลายในการทำความเข้าใจเรื่องราวสำคัญในอดีต | AU6: ส 4.1 ป.6/2
A7: 1 | B7: ='เวลาเรียน4-16'!B6 -> เด็กชายกฤษดา บัวศรี | C7: 9 | D7: 10 | E7: 9 | M7: =SUM(C7:L7) -> 28 | N7: 15 | O7: =SUM(M7:N7) -> 43 | P7: 1 | Q7: =B7 -> เด็กชายกฤษดา บัวศรี | R7: 9 | S7: 9 | T7: 10 | AB7: =SUM(R7:AA7) -> 28 | AC7: 16 | AD7: =SUM(AB7:AC7) -> 44 | AE7: 1 | AF7: ='เวลาเรียน4-16'!B6 -> เด็กชายกฤษดา บัวศรี | AG7: =O7 -> 43 | AH7: =AD7 -> 44 | AI7: =SUM(AG7:AH7) -> 87 | AJ7: =IF(AI7>79,4,IF(AI7>74,3.5,IF(AI7>69,3,IF(AI7>64,2.5,IF(AI7>59,2,IF(AI7>54,1.5,IF(AI7>49,1,IF(AI7<50,0)))))))) -> 4 | AM7: 3. อธิบายสภาพสังคม เศรษฐกิจและการเมืองของประเทศเพื่อนบ้านในปัจจุบัน | AU7: ส 4.2 ป.6/1
A8: 2 | B8: ='เวลาเรียน4-16'!B7 -> เด็กชายจิรายุ ดอบุตร | C8: 9 | D8: 9 | E8: 9 | M8: =SUM(C8:L8) -> 27 | N8: 15 | O8: =SUM(M8:N8) -> 42 | P8: 2 | Q8: =B8 -> เด็กชายจิรายุ ดอบุตร | R8: 9 | S8: 9 | T8: 9 | AB8: =SUM(R8:AA8) -> 27 | AC8: 16 | AD8: =SUM(AB8:AC8) -> 43 | AE8: 2 | AF8: ='เวลาเรียน4-16'!B7 -> เด็กชายจิรายุ ดอบุตร | AG8: =O8 -> 42 | AH8: =AD8 -> 43 | AI8: =SUM(AG8:AH8) -> 85 | AJ8: =IF(AI8>79,4,IF(AI8>74,3.5,IF(AI8>69,3,IF(AI8>64,2.5,IF(AI8>59,2,IF(AI8>54,1.5,IF(AI8>49,1,IF(AI8<50,0)))))))) -> 4 | AM8: 4. บอกความสัมพันธ์ของกลุ่มอาเซียนโดยสังเขป | AU8: ส 4.2 ป.6/2
A9: 3 | B9: ='เวลาเรียน4-16'!B8 -> เด็กชายจิรายุ เนตรสว่าง | C9: 9 | D9: 9 | E9: 9 | M9: =SUM(C9:L9) -> 27 | N9: 13 | O9: =SUM(M9:N9) -> 40 | P9: 3 | Q9: =B9 -> เด็กชายจิรายุ เนตรสว่าง | R9: 9 | S9: 9 | T9: 9 | AB9: =SUM(R9:AA9) -> 27 | AC9: 14 | AD9: =SUM(AB9:AC9) -> 41 | AE9: 3 | AF9: ='เวลาเรียน4-16'!B8 -> เด็กชายจิรายุ เนตรสว่าง | AG9: =O9 -> 40 | AH9: =AD9 -> 41 | AI9: =SUM(AG9:AH9) -> 81 | AJ9: =IF(AI9>79,4,IF(AI9>74,3.5,IF(AI9>69,3,IF(AI9>64,2.5,IF(AI9>59,2,IF(AI9>54,1.5,IF(AI9>49,1,IF(AI9<50,0)))))))) -> 4 | AM9: 5. อธิบายพัฒนาการของไทยสมัยรัตนโกสินทร์ โดยสังเขป | AU9: ส 4.3 ป.6/1
A10: 4 | B10: ='เวลาเรียน4-16'!B9 -> เด็กชายจีรภัทร คันธมาตย์ | C10: 9 | D10: 9 | E10: 9 | M10: =SUM(C10:L10) -> 27 | N10: 13 | O10: =SUM(M10:N10) -> 40 | P10: 4 | Q10: =B10 -> เด็กชายจีรภัทร คันธมาตย์ | R10: 8 | S10: 8 | T10: 8 | AB10: =SUM(R10:AA10) -> 24 | AC10: 12 | AD10: =SUM(AB10:AC10) -> 36 | AE10: 4 | AF10: ='เวลาเรียน4-16'!B9 -> เด็กชายจีรภัทร คันธมาตย์ | AG10: =O10 -> 40 | AH10: =AD10 -> 36 | AI10: =SUM(AG10:AH10) -> 76 | AJ10: =IF(AI10>79,4,IF(AI10>74,3.5,IF(AI10>69,3,IF(AI10>64,2.5,IF(AI10>59,2,IF(AI10>54,1.5,IF(AI10>49,1,IF(AI10<50,0)))))))) -> 3.5 | AM10: 6. อธิบายปัจจัยที่ส่งเสริมความเจริญรุ่งเรืองทางเศรษฐกิจและการปกครองของไทยสมัยรัตนโกสินทร์ | AU10: ส 4.3 ป.6/2
A11: 5 | B11: ='เวลาเรียน4-16'!B10 -> เด็กชายปรวัฒน์ โพธิ์ศรี | C11: 10 | D11: 10 | E11: 10 | M11: =SUM(C11:L11) -> 30 | N11: 16 | O11: =SUM(M11:N11) -> 46 | P11: 5 | Q11: =B11 -> เด็กชายปรวัฒน์ โพธิ์ศรี | R11: 8 | S11: 8 | T11: 8 | AB11: =SUM(R11:AA11) -> 24 | AC11: 13 | AD11: =SUM(AB11:AC11) -> 37 | AE11: 5 | AF11: ='เวลาเรียน4-16'!B10 -> เด็กชายปรวัฒน์ โพธิ์ศรี | AG11: =O11 -> 46 | AH11: =AD11 -> 37 | AI11: =SUM(AG11:AH11) -> 83 | AJ11: =IF(AI11>79,4,IF(AI11>74,3.5,IF(AI11>69,3,IF(AI11>64,2.5,IF(AI11>59,2,IF(AI11>54,1.5,IF(AI11>49,1,IF(AI11<50,0)))))))) -> 4 | AM11: 7. ยกตัวอย่างผลงานของบุคคลสำคัญด้านต่างๆสมัยรัตนโกสินทร์ | AU11: ส 4.3 ป.6/3
A12: 6 | B12: ='เวลาเรียน4-16'!B11 -> เด็กชายพีรภาพ วงคำใหญ่ | C12: 10 | D12: 10 | E12: 10 | M12: =SUM(C12:L12) -> 30 | N12: 17 | O12: =SUM(M12:N12) -> 47 | P12: 6 | Q12: =B12 -> เด็กชายพีรภาพ วงคำใหญ่ | R12: 10 | S12: 10 | T12: 10 | AB12: =SUM(R12:AA12) -> 30 | AC12: 17 | AD12: =SUM(AB12:AC12) -> 47 | AE12: 6 | AF12: ='เวลาเรียน4-16'!B11 -> เด็กชายพีรภาพ วงคำใหญ่ | AG12: =O12 -> 47 | AH12: =AD12 -> 47 | AI12: =SUM(AG12:AH12) -> 94 | AJ12: =IF(AI12>79,4,IF(AI12>74,3.5,IF(AI12>69,3,IF(AI12>64,2.5,IF(AI12>59,2,IF(AI12>54,1.5,IF(AI12>49,1,IF(AI12<50,0)))))))) -> 4 | AM12: 8. อธิบายภูมิปัญญาไทยที่สำคัญสมัยรัตนโกสินทร์ที่น่าภาคภูมิใจ และควรค่าแก่การอนุรักษ์ไว้ | AU12: ส 4.3 ป.6/4
A13: 7 | B13: ='เวลาเรียน4-16'!B12 -> เด็กหญิงกมลรัตน์ แสดคง | C13: 9 | D13: 9 | E13: 9 | M13: =SUM(C13:L13) -> 27 | N13: 15 | O13: =SUM(M13:N13) -> 42 | P13: 7 | Q13: =B13 -> เด็กหญิงกมลรัตน์ แสดคง | R13: 10 | S13: 10 | T13: 10 | AB13: =SUM(R13:AA13) -> 30 | AC13: 15 | AD13: =SUM(AB13:AC13) -> 45 | AE13: 7 | AF13: ='เวลาเรียน4-16'!B12 -> เด็กหญิงกมลรัตน์ แสดคง | AG13: =O13 -> 42 | AH13: =AD13 -> 45 | AI13: =SUM(AG13:AH13) -> 87 | AJ13: =IF(AI13>79,4,IF(AI13>74,3.5,IF(AI13>69,3,IF(AI13>64,2.5,IF(AI13>59,2,IF(AI13>54,1.5,IF(AI13>49,1,IF(AI13<50,0)))))))) -> 4
A14: 8 | B14: ='เวลาเรียน4-16'!B13 -> เด็กหญิงกัลยรัตน์ ทึงสุข | C14: 10 | D14: 10 | E14: 10 | M14: =SUM(C14:L14) -> 30 | N14: 17 | O14: =SUM(M14:N14) -> 47 | P14: 8 | Q14: =B14 -> เด็กหญิงกัลยรัตน์ ทึงสุข | R14: 10 | S14: 10 | T14: 10 | AB14: =SUM(R14:AA14) -> 30 | AC14: 16 | AD14: =SUM(AB14:AC14) -> 46 | AE14: 8 | AF14: ='เวลาเรียน4-16'!B13 -> เด็กหญิงกัลยรัตน์ ทึงสุข | AG14: =O14 -> 47 | AH14: =AD14 -> 46 | AI14: =SUM(AG14:AH14) -> 93 | AJ14: =IF(AI14>79,4,IF(AI14>74,3.5,IF(AI14>69,3,IF(AI14>64,2.5,IF(AI14>59,2,IF(AI14>54,1.5,IF(AI14>49,1,IF(AI14<50,0)))))))) -> 4
A15: 9 | B15: ='เวลาเรียน4-16'!B14 -> เด็กหญิงนิตยา พละโท | C15: 10 | D15: 9 | E15: 9 | M15: =SUM(C15:L15) -> 28 | N15: 16 | O15: =SUM(M15:N15) -> 44 | P15: 9 | Q15: =B15 -> เด็กหญิงนิตยา พละโท | R15: 10 | S15: 10 | T15: 10 | AB15: =SUM(R15:AA15) -> 30 | AC15: 16 | AD15: =SUM(AB15:AC15) -> 46 | AE15: 9 | AF15: ='เวลาเรียน4-16'!B14 -> เด็กหญิงนิตยา พละโท | AG15: =O15 -> 44 | AH15: =AD15 -> 46 | AI15: =SUM(AG15:AH15) -> 90 | AJ15: =IF(AI15>79,4,IF(AI15>74,3.5,IF(AI15>69,3,IF(AI15>64,2.5,IF(AI15>59,2,IF(AI15>54,1.5,IF(AI15>49,1,IF(AI15<50,0)))))))) -> 4
A16: 10 | B16: ='เวลาเรียน4-16'!B15 -> เด็กหญิงบัณฑิตา เบ้าพงษ์ | C16: 10 | D16: 10 | E16: 10 | M16: =SUM(C16:L16) -> 30 | N16: 16 | O16: =SUM(M16:N16) -> 46 | P16: 10 | Q16: =B16 -> เด็กหญิงบัณฑิตา เบ้าพงษ์ | R16: 9 | S16: 9 | T16: 9 | AB16: =SUM(R16:AA16) -> 27 | AC16: 16 | AD16: =SUM(AB16:AC16) -> 43 | AE16: 10 | AF16: ='เวลาเรียน4-16'!B15 -> เด็กหญิงบัณฑิตา เบ้าพงษ์ | AG16: =O16 -> 46 | AH16: =AD16 -> 43 | AI16: =SUM(AG16:AH16) -> 89 | AJ16: =IF(AI16>79,4,IF(AI16>74,3.5,IF(AI16>69,3,IF(AI16>64,2.5,IF(AI16>59,2,IF(AI16>54,1.5,IF(AI16>49,1,IF(AI16<50,0)))))))) -> 4
A17: 11 | B17: ='เวลาเรียน4-16'!B16 -> เด็กหญิงพัชรกัญญ์ บาลนาคม | C17: 10 | D17: 9 | E17: 9 | M17: =SUM(C17:L17) -> 28 | N17: 16 | O17: =SUM(M17:N17) -> 44 | P17: 11 | Q17: =B17 -> เด็กหญิงพัชรกัญญ์ บาลนาคม | R17: 10 | S17: 10 | T17: 10 | AB17: =SUM(R17:AA17) -> 30 | AC17: 16 | AD17: =SUM(AB17:AC17) -> 46 | AE17: 11 | AF17: ='เวลาเรียน4-16'!B16 -> เด็กหญิงพัชรกัญญ์ บาลนาคม | AG17: =O17 -> 44 | AH17: =AD17 -> 46 | AI17: =SUM(AG17:AH17) -> 90 | AJ17: =IF(AI17>79,4,IF(AI17>74,3.5,IF(AI17>69,3,IF(AI17>64,2.5,IF(AI17>59,2,IF(AI17>54,1.5,IF(AI17>49,1,IF(AI17<50,0)))))))) -> 4
A18: 12 | B18: ='เวลาเรียน4-16'!B17 -> เด็กหญิงสุวิชาดา ชูจิตร | C18: 9 | D18: 10 | E18: 9 | M18: =SUM(C18:L18) -> 28 | N18: 14 | O18: =SUM(M18:N18) -> 42 | P18: 12 | Q18: =B18 -> เด็กหญิงสุวิชาดา ชูจิตร | R18: 9 | S18: 9 | T18: 9 | AB18: =SUM(R18:AA18) -> 27 | AC18: 16 | AD18: =SUM(AB18:AC18) -> 43 | AE18: 12 | AF18: ='เวลาเรียน4-16'!B17 -> เด็กหญิงสุวิชาดา ชูจิตร | AG18: =O18 -> 42 | AH18: =AD18 -> 43 | AI18: =SUM(AG18:AH18) -> 85 | AJ18: =IF(AI18>79,4,IF(AI18>74,3.5,IF(AI18>69,3,IF(AI18>64,2.5,IF(AI18>59,2,IF(AI18>54,1.5,IF(AI18>49,1,IF(AI18<50,0)))))))) -> 4
A19: 13 | B19: ='เวลาเรียน4-16'!B18 -> เด็กหญิงปุญญิศา อุปทุม | C19: 10 | D19: 10 | E19: 10 | M19: =SUM(C19:L19) -> 30 | N19: 18 | O19: =SUM(M19:N19) -> 48 | P19: 13 | Q19: =B19 -> เด็กหญิงปุญญิศา อุปทุม | R19: 10 | S19: 10 | T19: 10 | AB19: =SUM(R19:AA19) -> 30 | AC19: 18 | AD19: =SUM(AB19:AC19) -> 48 | AE19: 13 | AF19: ='เวลาเรียน4-16'!B18 -> เด็กหญิงปุญญิศา อุปทุม | AG19: =O19 -> 48 | AH19: =AD19 -> 48 | AI19: =SUM(AG19:AH19) -> 96 | AJ19: =IF(AI19>79,4,IF(AI19>74,3.5,IF(AI19>69,3,IF(AI19>64,2.5,IF(AI19>59,2,IF(AI19>54,1.5,IF(AI19>49,1,IF(AI19<50,0)))))))) -> 4

Sheet สุขศึกษา37-40
O1: 37 | AD1: 38 | AL1: 39 | AU1: 40
A2: การวัดผลกลางปี | P2: การวัดผลปลายปี | AE2: ผลการประเมินการเรียนรู้ ปีการศึกษา 2566 | AM2: มาตรฐานและตัวชี้วัด /ผลการเรียนรู้
A3: รายวิชา สุขศึกษาและพลศึกษา (พ16101) | P3: =A3 -> รายวิชา สุขศึกษาและพลศึกษา (พ16101) | AE3: =A3 -> รายวิชา สุขศึกษาและพลศึกษา (พ16101) | AM3: รายวิชา สุขศึกษาและพลศึกษา พ16101
A4: เลขที่ | B4: ชื่อ | C4: คะแนนผลการเรียนรู้ ภาคเรียนที่ 1 | N4: ปลายภาค 1 | O4: รวมคะแนน | P4: เลขที่ | Q4: ชื่อ | R4: คะแนนผลการเรียนรู้ ภาคเรียนที่ 2 | AC4: ปลายภาค2 | AD4: รวมคะแนน | AE4: เลขที่ | AF4: ชื่อ | AG4: คะแนนภาคเรียนที่ 1 | AH4: คะแนนภาคเรียนที่ 2 | AI4: รวมคะแนนทั้งปี | AJ4: ผลการเรียน | AK4: ผลการแก้ไข | AL4: หมายเหตุ
B5: หน่วยที่ | M5: รวม | Q5: หน่วยที่ | R5: 1 | AB5: รวม | AM5: 1. อธิบายความสำคัญของระบบสืบพันธุ์ ระบบไหลเวียนโลหิตและระบบหายใจ ที่มีผลต่อสุขภาพ การเจริญเติบโตและ | AU5: พ 1.1 ป.6/1
B6: คะแนนเต็ม | M6: =SUM(C6:L6) -> 0 | N6: 50 | O6: =SUM(M6:N6) -> 50 | Q6: คะแนนเต็ม | AB6: =SUM(R6:AA6) -> 0 | AC6: 50 | AD6: =SUM(AB6:AC6) -> 50 | AF6: คะแนนเต็ม | AG6: 50 | AH6: 50 | AI6: 100 | AM6: พัฒนาการ
A7: 1 | B7: ='เวลาเรียน4-16'!B6 -> เด็กชายกฤษดา บัวศรี | M7: =SUM(C7:L7) -> 0 | N7: 42 | O7: =SUM(M7:N7) -> 42 | P7: 1 | Q7: =B7 -> เด็กชายกฤษดา บัวศรี | AB7: =SUM(R7:AA7) -> 0 | AC7: 41 | AD7: =SUM(AB7:AC7) -> 41 | AE7: 1 | AF7: ='เวลาเรียน4-16'!B6 -> เด็กชายกฤษดา บัวศรี | AG7: =O7 -> 42 | AH7: =AD7 -> 41 | AI7: =SUM(AG7:AH7) -> 83 | AJ7: =IF(AI7>79,4,IF(AI7>74,3.5,IF(AI7>69,3,IF(AI7>64,2.5,IF(AI7>59,2,IF(AI7>54,1.5,IF(AI7>49,1,IF(AI7<50,0)))))))) -> 4 | AM7: 2. อธิบายวิธีการดูแลรักษาระบบสืบพันธุ์ ระบบไหลเวียนโลหิต และระบบหายใจให้ทำงานตามปกติ | AU7: พ 1.1 ป.6/2
A8: 2 | B8: ='เวลาเรียน4-16'!B7 -> เด็กชายจิรายุ ดอบุตร | M8: =SUM(C8:L8) -> 0 | N8: 40 | O8: =SUM(M8:N8) -> 40 | P8: 2 | Q8: =B8 -> เด็กชายจิรายุ ดอบุตร | AB8: =SUM(R8:AA8) -> 0 | AC8: 41 | AD8: =SUM(AB8:AC8) -> 41 | AE8: 2 | AF8: ='เวลาเรียน4-16'!B7 -> เด็กชายจิรายุ ดอบุตร | AG8: =O8 -> 40 | AH8: =AD8 -> 41 | AI8: =SUM(AG8:AH8) -> 81 | AJ8: =IF(AI8>79,4,IF(AI8>74,3.5,IF(AI8>69,3,IF(AI8>64,2.5,IF(AI8>59,2,IF(AI8>54,1.5,IF(AI8>49,1,IF(AI8<50,0)))))))) -> 4 | AM8: 3. อธิบายความสำคัญของการสร้างและรักษาสัมพันธภาพกับผู้อื่น | AU8: พ 2.1 ป.6/1
A9: 3 | B9: ='เวลาเรียน4-16'!B8 -> เด็กชายจิรายุ เนตรสว่าง | M9: =SUM(C9:L9) -> 0 | N9: 37 | O9: =SUM(M9:N9) -> 37 | P9: 3 | Q9: =B9 -> เด็กชายจิรายุ เนตรสว่าง | AB9: =SUM(R9:AA9) -> 0 | AC9: 43 | AD9: =SUM(AB9:AC9) -> 43 | AE9: 3 | AF9: ='เวลาเรียน4-16'!B8 -> เด็กชายจิรายุ เนตรสว่าง | AG9: =O9 -> 37 | AH9: =AD9 -> 43 | AI9: =SUM(AG9:AH9) -> 80 | AJ9: =IF(AI9>79,4,IF(AI9>74,3.5,IF(AI9>69,3,IF(AI9>64,2.5,IF(AI9>59,2,IF(AI9>54,1.5,IF(AI9>49,1,IF(AI9<50,0)))))))) -> 4 | AM9: 4. วิเคราะห์พฤติกรรมเสี่ยงที่อาจนำไปสู่การมีเพศสัมพันธ์ การติดเชื้อเอดส์และการตั้งครรภ์ก่อนวัยอันควร | AU9: พ 2.1 ป.6/2
A10: 4 | B10: ='เวลาเรียน4-16'!B9 -> เด็กชายจีรภัทร คันธมาตย์ | M10: =SUM(C10:L10) -> 0 | N10: 40 | O10: =SUM(M10:N10) -> 40 | P10: 4 | Q10: =B10 -> เด็กชายจีรภัทร คันธมาตย์ | AB10: =SUM(R10:AA10) -> 0 | AC10: 38 | AD10: =SUM(AB10:AC10) -> 38 | AE10: 4 | AF10: ='เวลาเรียน4-16'!B9 -> เด็กชายจีรภัทร คันธมาตย์ | AG10: =O10 -> 40 | AH10: =AD10 -> 38 | AI10: =SUM(AG10:AH10) -> 78 | AJ10: =IF(AI10>79,4,IF(AI10>74,3.5,IF(AI10>69,3,IF(AI10>64,2.5,IF(AI10>59,2,IF(AI10>54,1.5,IF(AI10>49,1,IF(AI10<50,0)))))))) -> 3.5 | AM10: 5. แสดงทักษะการเคลื่อนไหวร่วมกับผู้อื่นในลักษณะแบบผลัดและแบบผสมผสานได้ตามลำดับทั้งแบบอยู่กับที่ | AU10: พ 3.1 ป.6/1
A11: 5 | B11: ='เวลาเรียน4-16'!B10 -> เด็กชายปรวัฒน์ โพธิ์ศรี | M11: =SUM(C11:L11) -> 0 | N11: 37 | O11: =SUM(M11:N11) -> 37 | P11: 5 | Q11: =B11 -> เด็กชายปรวัฒน์ โพธิ์ศรี | AB11: =SUM(R11:AA11) -> 0 | AC11: 38 | AD11: =SUM(AB11:AC11) -> 38 | AE11: 5 | AF11: ='เวลาเรียน4-16'!B10 -> เด็กชายปรวัฒน์ โพธิ์ศรี | AG11: =O11 -> 37 | AH11: =AD11 -> 38 | AI11: =SUM(AG11:AH11) -> 75 | AJ11: =IF(AI11>79,4,IF(AI11>74,3.5,IF(AI11>69,3,IF(AI11>64,2.5,IF(AI11>59,2,IF(AI11>54,1.5,IF(AI11>49,1,IF(AI11<50,0)))))))) -> 3.5 | AM11: เคลื่อนที่ และใช้อุปกรณ์ประกอบ และการเคลื่อนไหวประกอบเพลง
A12: 6 | B12: ='เวลาเรียน4-16'!B11 -> เด็กชายพีรภาพ วงคำใหญ่ | M12: =SUM(C12:L12) -> 0 | N12: 44 | O12: =SUM(M12:N12) -> 44 | P12: 6 | Q12: =B12 -> เด็กชายพีรภาพ วงคำใหญ่ | AB12: =SUM(R12:AA12) -> 0 | AC12: 45 | AD12: =SUM(AB12:AC12) -> 45 | AE12: 6 | AF12: ='เวลาเรียน4-16'!B11 -> เด็กชายพีรภาพ วงคำใหญ่ | AG12: =O12 -> 44 | AH12: =AD12 -> 45 | AI12: =SUM(AG12:AH12) -> 89 | AJ12: =IF(AI12>79,4,IF(AI12>74,3.5,IF(AI12>69,3,IF(AI12>64,2.5,IF(AI12>59,2,IF(AI12>54,1.5,IF(AI12>49,1,IF(AI12<50,0)))))))) -> 4 | AM12: 6. จำแนกหลักการเคลื่อนไหวในเรื่องการรับแรง การใช้แรง และความสมดุลในการเคลื่อนไหวร่างกายในการเล่นเกม | AU12: พ 3.1 ป.6/2
A13: 7 | B13: ='เวลาเรียน4-16'!B12 -> เด็กหญิงกมลรัตน์ แสดคง | M13: =SUM(C13:L13) -> 0 | N13: 45 | O13: =SUM(M13:N13) -> 45 | P13: 7 | Q13: =B13 -> เด็กหญิงกมลรัตน์ แสดคง | AB13: =SUM(R13:AA13) -> 0 | AC13: 46 | AD13: =SUM(AB13:AC13) -> 46 | AE13: 7 | AF13: ='เวลาเรียน4-16'!B12 -> เด็กหญิงกมลรัตน์ แสดคง | AG13: =O13 -> 45 | AH13: =AD13 -> 46 | AI13: =SUM(AG13:AH13) -> 91 | AJ13: =IF(AI13>79,4,IF(AI13>74,3.5,IF(AI13>69,3,IF(AI13>64,2.5,IF(AI13>59,2,IF(AI13>54,1.5,IF(AI13>49,1,IF(AI13<50,0)))))))) -> 4 | AM13: เล่นกีฬา และนำผลมาปรับปรุง เพิ่มพูนวิธีปฏิบัติของตนและผู้อื่น
A14: 8 | B14: ='เวลาเรียน4-16'!B13 -> เด็กหญิงกัลยรัตน์ ทึงสุข | M14: =SUM(C14:L14) -> 0 | N14: 45 | O14: =SUM(M14:N14) -> 45 | P14: 8 | Q14: =B14 -> เด็กหญิงกัลยรัตน์ ทึงสุข | AB14: =SUM(R14:AA14) -> 0 | AC14: 44 | AD14: =SUM(AB14:AC14) -> 44 | AE14: 8 | AF14: ='เวลาเรียน4-16'!B13 -> เด็กหญิงกัลยรัตน์ ทึงสุข | AG14: =O14 -> 45 | AH14: =AD14 -> 44 | AI14: =SUM(AG14:AH14) -> 89 | AJ14: =IF(AI14>79,4,IF(AI14>74,3.5,IF(AI14>69,3,IF(AI14>64,2.5,IF(AI14>59,2,IF(AI14>54,1.5,IF(AI14>49,1,IF(AI14<50,0)))))))) -> 4 | AM14: 7. เล่นกีฬาไทย กีฬาสากล ประเภทบุคคลและประเภททีมได้อย่างละ 1 ชนิด | AU14: พ 3.1 ป.6/3
A15: 9 | B15: ='เวลาเรียน4-16'!B14 -> เด็กหญิงนิตยา พละโท | M15: =SUM(C15:L15) -> 0 | N15: 45 | O15: =SUM(M15:N15) -> 45 | P15: 9 | Q15: =B15 -> เด็กหญิงนิตยา พละโท | AB15: =SUM(R15:AA15) -> 0 | AC15: 45 | AD15: =SUM(AB15:AC15) -> 45 | AE15: 9 | AF15: ='เวลาเรียน4-16'!B14 -> เด็กหญิงนิตยา พละโท | AG15: =O15 -> 45 | AH15: =AD15 -> 45 | AI15: =SUM(AG15:AH15) -> 90 | AJ15: =IF(AI15>79,4,IF(AI15>74,3.5,IF(AI15>69,3,IF(AI15>64,2.5,IF(AI15>59,2,IF(AI15>54,1.5,IF(AI15>49,1,IF(AI15<50,0)))))))) -> 4 | AM15: 8. ใช้ทักษะกลไก เพื่อปรับปรุงเพิ่มพูนความสามารถของตนและผู้อื่นในการเล่นกีฬา | AU15: พ 3.1 ป.6/4
A16: 10 | B16: ='เวลาเรียน4-16'!B15 -> เด็กหญิงบัณฑิตา เบ้าพงษ์ | M16: =SUM(C16:L16) -> 0 | N16: 43 | O16: =SUM(M16:N16) -> 43 | P16: 10 | Q16: =B16 -> เด็กหญิงบัณฑิตา เบ้าพงษ์ | AB16: =SUM(R16:AA16) -> 0 | AC16: 44 | AD16: =SUM(AB16:AC16) -> 44 | AE16: 10 | AF16: ='เวลาเรียน4-16'!B15 -> เด็กหญิงบัณฑิตา เบ้าพงษ์ | AG16: =O16 -> 43 | AH16: =AD16 -> 44 | AI16: =SUM(AG16:AH16) -> 87 | AJ16: =IF(AI16>79,4,IF(AI16>74,3.5,IF(AI16>69,3,IF(AI16>64,2.5,IF(AI16>59,2,IF(AI16>54,1.5,IF(AI16>49,1,IF(AI16<50,0)))))))) -> 4 | AM16: 9. ร่วมกิจกรรมนันทนาการอย่างน้อย 1 กิจกรรม แล้วนำความรู้และหลักการที่ได้ไปใช้เป็นฐานการศึกษาหาความรู้ | AU16: พ 3.1 ป.6/5
A17: 11 | B17: ='เวลาเรียน4-16'!B16 -> เด็กหญิงพัชรกัญญ์ บาลนาคม | M17: =SUM(C17:L17) -> 0 | N17: 46 | O17: =SUM(M17:N17) -> 46 | P17: 11 | Q17: =B17 -> เด็กหญิงพัชรกัญญ์ บาลนาคม | AB17: =SUM(R17:AA17) -> 0 | AC17: 48 | AD17: =SUM(AB17:AC17) -> 48 | AE17: 11 | AF17: ='เวลาเรียน4-16'!B16 -> เด็กหญิงพัชรกัญญ์ บาลนาคม | AG17: =O17 -> 46 | AH17: =AD17 -> 48 | AI17: =SUM(AG17:AH17) -> 94 | AJ17: =IF(AI17>79,4,IF(AI17>74,3.5,IF(AI17>69,3,IF(AI17>64,2.5,IF(AI17>59,2,IF(AI17>54,1.5,IF(AI17>49,1,IF(AI17<50,0)))))))) -> 4 | AM17: เรื่องอื่นๆ
A18: 12 | B18: ='เวลาเรียน4-16'!B17 -> เด็กหญิงสุวิชาดา ชูจิตร | M18: =SUM(C18:L18) -> 0 | N18: 43 | O18: =SUM(M18:N18) -> 43 | P18: 12 | Q18: =B18 -> เด็กหญิงสุวิชาดา ชูจิตร | AB18: =SUM(R18:AA18) -> 0 | AC18: 46 | AD18: =SUM(AB18:AC18) -> 46 | AE18: 12 | AF18: ='เวลาเรียน4-16'!B17 -> เด็กหญิงสุวิชาดา ชูจิตร | AG18: =O18 -> 43 | AH18: =AD18 -> 46 | AI18: =SUM(AG18:AH18) -> 89 | AJ18: =IF(AI18>79,4,IF(AI18>74,3.5,IF(AI18>69,3,IF(AI18>64,2.5,IF(AI18>59,2,IF(AI18>54,1.5,IF(AI18>49,1,IF(AI18<50,0)))))))) -> 4 | AM18: 10. อธิบายประโยชน์และหลักการออกกำลังกายเพื่อสุขภาพ สมรรถภาพทางกาย และการสร้างเสริมบุคลิกภาพ | AU18: พ 3.2 ป.6/1
A19: 13 | B19: ='เวลาเรียน4-16'!B18 -> เด็กหญิงปุญญิศา อุปทุม | M19: =SUM(C19:L19) -> 0 | N19: 46 | O19: =SUM(M19:N19) -> 46 | P19: 13 | Q19: =B19 -> เด็กหญิงปุญญิศา อุปทุม | AB19: =SUM(R19:AA19) -> 0 | AC19: 45 | AD19: =SUM(AB19:AC19) -> 45 | AE19: 13 | AF19: ='เวลาเรียน4-16'!B18 -> เด็กหญิงปุญญิศา อุปทุม | AG19: =O19 -> 46 | AH19: =AD19 -> 45 | AI19: =SUM(AG19:AH19) -> 91 | AJ19: =IF(AI19>79,4,IF(AI19>74,3.5,IF(AI19>69,3,IF(AI19>64,2.5,IF(AI19>59,2,IF(AI19>54,1.5,IF(AI19>49,1,IF(AI19<50,0)))))))) -> 4 | AM19: 11. เล่นเกมที่ใช้ทักษะการวางแผนและ สามารถเพิ่มพูนทักษะการออกกำลังกาย และเคลื่อนไหวอย่างเป็นระบบ | AU19: พ 3.2 ป.6/2
AM20: 13. ปฏิบัติตามกฎ กติกา ตามชนิดกีฬาที่เล่นโดยคำนึงถึงความปลอดภัยของตนเองและผู้อื่น | AU20: พ 3.2 ป.6/4
AM21: 14. จำแนกกลวิธีการรุก การป้องกันและ นำไปใช้ในการเล่นกีฬา | AU21: พ 3.2 ป.6/5
AM22: 15. เล่นเกมและกีฬาด้วยความสามัคคีและมีน้ำใจนักกีฬา | AU22: พ 3.2 ป.6/6
AM23: 16. แสดงพฤติกรรมในการป้องกันและแก้ไขปัญหาสิ่งแวดล้อมที่มีผลต่อสุขภาพ | AU23: พ 4.1 ป.6/1
AM24: 17. วิเคราะห์ผลกระทบที่เกิดจากการระบาดของโรคและเสนอแนวทางการป้องกันโรคติดต่อสำคัญที่พบในประเทศไทย | AU24: พ 4.1 ป.6/2
AM25: 18. แสดงพฤติกรรมที่บ่งบอกถึงความรับผิดชอบต่อสุขภาพของส่วนรวม | AU25: พ 4.1 ป.6/3
AM26: 19. สร้างเสริมและปรับปรุงสมรรถภาพทางกายเพื่อสุขภาพอย่างต่อเนื่อง | AU26: พ 4.1 ป.6/4
AM27: 20. วิเคราะห์ผลกระทบจากความรุนแรง ของภัยธรรมชาติที่มีต่อร่างกาย จิตใจ และสังคม | AU27: พ 5.1 ป.6/1
AM28: 21. ระบุวิธีปฏิบัติตน เพื่อความปลอดภัย จากธรรมชาติ | AU28: พ 5.1 ป.6/2
AM29: 22. วิเคราะห์สาเหตุของการติดสารเสพติด และชักชวนให้ผู้อื่นหลีกเลี่ยงสารเสพติด | AU29: พ 5.1 ป.6/3

Sheet ศิลปะ41-44
O1: 41 | AD1: 42 | AL1: 43 | AU1: 44
A2: การวัดผลกลางปี | P2: การวัดผลปลายปี | AE2: ผลการประเมินการเรียนรู้ ปีการศึกษา 2566 | AM2: มาตรฐานและตัวชี้วัด /ผลการเรียนรู้
A3: รายวิชา ศิลปะ (ศ13101) | P3: =A3 -> รายวิชา ศิลปะ (ศ13101) | AE3: =A3 -> รายวิชา ศิลปะ (ศ13101) | AM3: รายวิชา ศิลปะ ศ16101
A4: เลขที่ | B4: ชื่อ | C4: คะแนนผลการเรียนรู้ ภาคเรียนที่ 1 | N4: ปลายภาค 1 | O4: รวมคะแนน | P4: เลขที่ | Q4: ชื่อ | R4: คะแนนผลการเรียนรู้ ภาคเรียนที่ 2 | AC4: ปลายภาค2 | AD4: รวมคะแนน | AE4: เลขที่ | AF4: ชื่อ | AG4: คะแนนภาคเรียนที่ 1 | AH4: คะแนนภาคเรียนที่ 2 | AI4: รวมคะแนนทั้งปี | AJ4: ผลการเรียน | AK4: ผลการแก้ไข | AL4: หมายเหตุ | AM4: 1. ระบุสีคู่ตรงข้าม และอภิปรายเกี่ยวกับการใช้สีคู่ตรงข้ามในการถ่ายทอดความคิดและอารมณ์ | AU4: ศ 1.1 ป.6/1
B5: หน่วยที่ | M5: รวม | Q5: หน่วยที่ | AB5: รวม | AM5: 2. อธิบายหลักการจัดขนาดสัดส่วนความสมดุลในการสร้างงานทัศนศิลป์ | AU5: ศ 1.1 ป.6/2
B6: คะแนนเต็ม | C6: 40 | M6: =SUM(C6:L6) -> 40 | N6: 10 | O6: =SUM(M6:N6) -> 50 | Q6: คะแนนเต็ม | R6: 40 | AB6: =SUM(R6:AA6) -> 40 | AC6: 10 | AD6: =SUM(AB6:AC6) -> 50 | AF6: คะแนนเต็ม | AG6: 50 | AH6: 50 | AI6: 100 | AM6: 3. สร้างงานทัศนศิลป์จากรูปแบบ 2 มิติ เป็น3 มิติ โดยใช้หลักการ ของแสงเงาและน้ำหนัก | AU6: ศ 1.1 ป.6/3
A7: 1 | B7: ='เวลาเรียน4-16'!B6 -> เด็กชายกฤษดา บัวศรี | C7: 40 | M7: =SUM(C7:L7) -> 40 | N7: 6 | O7: =SUM(M7:N7) -> 46 | P7: 1 | Q7: =B7 -> เด็กชายกฤษดา บัวศรี | R7: 33 | AB7: =SUM(R7:AA7) -> 33 | AC7: 7 | AD7: =SUM(AB7:AC7) -> 40 | AE7: 1 | AF7: ='เวลาเรียน4-16'!B6 -> เด็กชายกฤษดา บัวศรี | AG7: =O7 -> 46 | AH7: =AD7 -> 40 | AI7: =SUM(AG7:AH7) -> 86 | AJ7: =IF(AI7>79,4,IF(AI7>74,3.5,IF(AI7>69,3,IF(AI7>64,2.5,IF(AI7>59,2,IF(AI7>54,1.5,IF(AI7>49,1,IF(AI7<50,0)))))))) -> 4 | AM7: 4. สร้างสรรค์งานปั้นโดยใช้หลักการเพิ่มและลด | AU7: ศ 1.1 ป.6/4
A8: 2 | B8: ='เวลาเรียน4-16'!B7 -> เด็กชายจิรายุ ดอบุตร | C8: 40 | M8: =SUM(C8:L8) -> 40 | N8: 7 | O8: =SUM(M8:N8) -> 47 | P8: 2 | Q8: =B8 -> เด็กชายจิรายุ ดอบุตร | R8: 34 | AB8: =SUM(R8:AA8) -> 34 | AC8: 6 | AD8: =SUM(AB8:AC8) -> 40 | AE8: 2 | AF8: ='เวลาเรียน4-16'!B7 -> เด็กชายจิรายุ ดอบุตร | AG8: =O8 -> 47 | AH8: =AD8 -> 40 | AI8: =SUM(AG8:AH8) -> 87 | AJ8: =IF(AI8>79,4,IF(AI8>74,3.5,IF(AI8>69,3,IF(AI8>64,2.5,IF(AI8>59,2,IF(AI8>54,1.5,IF(AI8>49,1,IF(AI8<50,0)))))))) -> 4 | AM8: 5. สร้างสรรค์งานทัศนศิลป์โดยใช้หลักการ ของรูปและพื้นที่ว่าง | AU8: ศ 1.1 ป.6/5
A9: 3 | B9: ='เวลาเรียน4-16'!B8 -> เด็กชายจิรายุ เนตรสว่าง | C9: 40 | M9: =SUM(C9:L9) -> 40 | N9: 6 | O9: =SUM(M9:N9) -> 46 | P9: 3 | Q9: =B9 -> เด็กชายจิรายุ เนตรสว่าง | R9: 32 | AB9: =SUM(R9:AA9) -> 32 | AC9: 6 | AD9: =SUM(AB9:AC9) -> 38 | AE9: 3 | AF9: ='เวลาเรียน4-16'!B8 -> เด็กชายจิรายุ เนตรสว่าง | AG9: =O9 -> 46 | AH9: =AD9 -> 38 | AI9: =SUM(AG9:AH9) -> 84 | AJ9: =IF(AI9>79,4,IF(AI9>74,3.5,IF(AI9>69,3,IF(AI9>64,2.5,IF(AI9>59,2,IF(AI9>54,1.5,IF(AI9>49,1,IF(AI9<50,0)))))))) -> 4 | AM9: 6. สร้างสรรค์งานทัศนศิลป์โดยใช้ สีคู่ตรงข้ามหลักการจัดขนาดสัดส่วน และความสมดุล | AU9: ศ 1.1 ป.6/6
A10: 4 | B10: ='เวลาเรียน4-16'!B9 -> เด็กชายจีรภัทร คันธมาตย์ | C10: 40 | M10: =SUM(C10:L10) -> 40 | N10: 7 | O10: =SUM(M10:N10) -> 47 | P10: 4 | Q10: =B10 -> เด็กชายจีรภัทร คันธมาตย์ | R10: 33 | AB10: =SUM(R10:AA10) -> 33 | AC10: 6 | AD10: =SUM(AB10:AC10) -> 39 | AE10: 4 | AF10: ='เวลาเรียน4-16'!B9 -> เด็กชายจีรภัทร คันธมาตย์ | AG10: =O10 -> 47 | AH10: =AD10 -> 39 | AI10: =SUM(AG10:AH10) -> 86 | AJ10: =IF(AI10>79,4,IF(AI10>74,3.5,IF(AI10>69,3,IF(AI10>64,2.5,IF(AI10>59,2,IF(AI10>54,1.5,IF(AI10>49,1,IF(AI10<50,0)))))))) -> 4 | AM10: 7. สร้างงานทัศนศิลป์ บรรยายบทบาทของงานทัศนศิลป์ ที่สะท้อนชีวิตและสังคม | AU10: ศ 1.1 ป.6/4
A11: 5 | B11: ='เวลาเรียน4-16'!B10 -> เด็กชายปรวัฒน์ โพธิ์ศรี | C11: 40 | M11: =SUM(C11:L11) -> 40 | N11: 8 | O11: =SUM(M11:N11) -> 48 | P11: 5 | Q11: =B11 -> เด็กชายปรวัฒน์ โพธิ์ศรี | R11: 34 | AB11: =SUM(R11:AA11) -> 34 | AC11: 7 | AD11: =SUM(AB11:AC11) -> 41 | AE11: 5 | AF11: ='เวลาเรียน4-16'!B10 -> เด็กชายปรวัฒน์ โพธิ์ศรี | AG11: =O11 -> 48 | AH11: =AD11 -> 41 | AI11: =SUM(AG11:AH11) -> 89 | AJ11: =IF(AI11>79,4,IF(AI11>74,3.5,IF(AI11>69,3,IF(AI11>64,2.5,IF(AI11>59,2,IF(AI11>54,1.5,IF(AI11>49,1,IF(AI11<50,0)))))))) -> 4 | AM11: 8. บรรยายบทบาทของงานทัศนศิลป์ ที่สะท้อนชีวิตและสังคม | AU11: ศ 1.2 ป.6/1
A12: 6 | B12: ='เวลาเรียน4-16'!B11 -> เด็กชายพีรภาพ วงคำใหญ่ | C12: 40 | M12: =SUM(C12:L12) -> 40 | N12: 6 | O12: =SUM(M12:N12) -> 46 | P12: 6 | Q12: =B12 -> เด็กชายพีรภาพ วงคำใหญ่ | R12: 32 | AB12: =SUM(R12:AA12) -> 32 | AC12: 7 | AD12: =SUM(AB12:AC12) -> 39 | AE12: 6 | AF12: ='เวลาเรียน4-16'!B11 -> เด็กชายพีรภาพ วงคำใหญ่ | AG12: =O12 -> 46 | AH12: =AD12 -> 39 | AI12: =SUM(AG12:AH12) -> 85 | AJ12: =IF(AI12>79,4,IF(AI12>74,3.5,IF(AI12>69,3,IF(AI12>64,2.5,IF(AI12>59,2,IF(AI12>54,1.5,IF(AI12>49,1,IF(AI12<50,0)))))))) -> 4 | AM12: 9. อภิปรายเกี่ยวกับอิทธิพลของความเชื่อความศรัทธาในศาสนาที่มีผลต่องานทัศนศิลป์ในท้องถิ่น | AU12: ศ 1.2 ป.6/2
A13: 7 | B13: ='เวลาเรียน4-16'!B12 -> เด็กหญิงกมลรัตน์ แสดคง | C13: 40 | M13: =SUM(C13:L13) -> 40 | N13: 6 | O13: =SUM(M13:N13) -> 46 | P13: 7 | Q13: =B13 -> เด็กหญิงกมลรัตน์ แสดคง | R13: 35 | AB13: =SUM(R13:AA13) -> 35 | AC13: 7 | AD13: =SUM(AB13:AC13) -> 42 | AE13: 7 | AF13: ='เวลาเรียน4-16'!B12 -> เด็กหญิงกมลรัตน์ แสดคง | AG13: =O13 -> 46 | AH13: =AD13 -> 42 | AI13: =SUM(AG13:AH13) -> 88 | AJ13: =IF(AI13>79,4,IF(AI13>74,3.5,IF(AI13>69,3,IF(AI13>64,2.5,IF(AI13>59,2,IF(AI13>54,1.5,IF(AI13>49,1,IF(AI13<50,0)))))))) -> 4 | AM13: 10. ระบุ และบรรยายอิทธิพลทาวัฒนธรรมในท้องถิ่นที่มีผลต่อการสร้างงานทัศนศิลป์ของบุคคล | AU13: ศ 1.2 ป.6/3
A14: 8 | B14: ='เวลาเรียน4-16'!B13 -> เด็กหญิงกัลยรัตน์ ทึงสุข | C14: 40 | M14: =SUM(C14:L14) -> 40 | N14: 7 | O14: =SUM(M14:N14) -> 47 | P14: 8 | Q14: =B14 -> เด็กหญิงกัลยรัตน์ ทึงสุข | R14: 35 | AB14: =SUM(R14:AA14) -> 35 | AC14: 7 | AD14: =SUM(AB14:AC14) -> 42 | AE14: 8 | AF14: ='เวลาเรียน4-16'!B13 -> เด็กหญิงกัลยรัตน์ ทึงสุข | AG14: =O14 -> 47 | AH14: =AD14 -> 42 | AI14: =SUM(AG14:AH14) -> 89 | AJ14: =IF(AI14>79,4,IF(AI14>74,3.5,IF(AI14>69,3,IF(AI14>64,2.5,IF(AI14>59,2,IF(AI14>54,1.5,IF(AI14>49,1,IF(AI14<50,0)))))))) -> 4 | AM14: 11. บรรยายเพลงที่ฟัง โดยอาศัยองค์ประกอบดนตรีและศัพท์สังคีต | AU14: ศ 2.1 ป.6/1
A15: 9 | B15: ='เวลาเรียน4-16'!B14 -> เด็กหญิงนิตยา พละโท | C15: 40 | M15: =SUM(C15:L15) -> 40 | N15: 7 | O15: =SUM(M15:N15) -> 47 | P15: 9 | Q15: =B15 -> เด็กหญิงนิตยา พละโท | R15: 35 | AB15: =SUM(R15:AA15) -> 35 | AC15: 8 | AD15: =SUM(AB15:AC15) -> 43 | AE15: 9 | AF15: ='เวลาเรียน4-16'!B14 -> เด็กหญิงนิตยา พละโท | AG15: =O15 -> 47 | AH15: =AD15 -> 43 | AI15: =SUM(AG15:AH15) -> 90 | AJ15: =IF(AI15>79,4,IF(AI15>74,3.5,IF(AI15>69,3,IF(AI15>64,2.5,IF(AI15>59,2,IF(AI15>54,1.5,IF(AI15>49,1,IF(AI15<50,0)))))))) -> 4 | AM15: 12. จำแนกประเภทและบทบาทหน้าที่เครื่องดนตรีไทยและเครื่องดนตรีที่มาจากวัฒนธรรมต่าง ๆ | AU15: ศ 2.1 ป.6/2
A16: 10 | B16: ='เวลาเรียน4-16'!B15 -> เด็กหญิงบัณฑิตา เบ้าพงษ์ | C16: 40 | M16: =SUM(C16:L16) -> 40 | N16: 8 | O16: =SUM(M16:N16) -> 48 | P16: 10 | Q16: =B16 -> เด็กหญิงบัณฑิตา เบ้าพงษ์ | R16: 34 | AB16: =SUM(R16:AA16) -> 34 | AC16: 7 | AD16: =SUM(AB16:AC16) -> 41 | AE16: 10 | AF16: ='เวลาเรียน4-16'!B15 -> เด็กหญิงบัณฑิตา เบ้าพงษ์ | AG16: =O16 -> 48 | AH16: =AD16 -> 41 | AI16: =SUM(AG16:AH16) -> 89 | AJ16: =IF(AI16>79,4,IF(AI16>74,3.5,IF(AI16>69,3,IF(AI16>64,2.5,IF(AI16>59,2,IF(AI16>54,1.5,IF(AI16>49,1,IF(AI16<50,0)))))))) -> 4 | AM16: 13. อ่าน เขียนโน้ตสากลทำนองง่ายๆ | AU16: ศ 2.1 ป.6/3
A17: 11 | B17: ='เวลาเรียน4-16'!B16 -> เด็กหญิงพัชรกัญญ์ บาลนาคม | C17: 40 | M17: =SUM(C17:L17) -> 40 | N17: 7 | O17: =SUM(M17:N17) -> 47 | P17: 11 | Q17: =B17 -> เด็กหญิงพัชรกัญญ์ บาลนาคม | R17: 34 | AB17: =SUM(R17:AA17) -> 34 | AC17: 7 | AD17: =SUM(AB17:AC17) -> 41 | AE17: 11 | AF17: ='เวลาเรียน4-16'!B16 -> เด็กหญิงพัชรกัญญ์ บาลนาคม | AG17: =O17 -> 47 | AH17: =AD17 -> 41 | AI17: =SUM(AG17:AH17) -> 88 | AJ17: =IF(AI17>79,4,IF(AI17>74,3.5,IF(AI17>69,3,IF(AI17>64,2.5,IF(AI17>59,2,IF(AI17>54,1.5,IF(AI17>49,1,IF(AI17<50,0)))))))) -> 4 | AM17: 14. ใช้เครื่องดนตรีบรรเลงประกอบ การร้องเพลง ด้นสด ที่มีจังหวะ และทำนองง่าย ๆ | AU17: ศ 2.1 ป.6/4
A18: 12 | B18: ='เวลาเรียน4-16'!B17 -> เด็กหญิงสุวิชาดา ชูจิตร | C18: 40 | M18: =SUM(C18:L18) -> 40 | N18: 8 | O18: =SUM(M18:N18) -> 48 | P18: 12 | Q18: =B18 -> เด็กหญิงสุวิชาดา ชูจิตร | R18: 33 | AB18: =SUM(R18:AA18) -> 33 | AC18: 7 | AD18: =SUM(AB18:AC18) -> 40 | AE18: 12 | AF18: ='เวลาเรียน4-16'!B17 -> เด็กหญิงสุวิชาดา ชูจิตร | AG18: =O18 -> 48 | AH18: =AD18 -> 40 | AI18: =SUM(AG18:AH18) -> 88 | AJ18: =IF(AI18>79,4,IF(AI18>74,3.5,IF(AI18>69,3,IF(AI18>64,2.5,IF(AI18>59,2,IF(AI18>54,1.5,IF(AI18>49,1,IF(AI18<50,0)))))))) -> 4 | AM18: 15. บรรยายความรู้สึกที่มีต่อดนตรี | AU18: ศ 2.1 ป.6/5
A19: 13 | B19: ='เวลาเรียน4-16'!B18 -> เด็กหญิงปุญญิศา อุปทุม | C19: 40 | M19: =SUM(C19:L19) -> 40 | N19: 7 | O19: =SUM(M19:N19) -> 47 | P19: 13 | Q19: =B19 -> เด็กหญิงปุญญิศา อุปทุม | R19: 33 | AB19: =SUM(R19:AA19) -> 33 | AC19: 7 | AD19: =SUM(AB19:AC19) -> 40 | AE19: 13 | AF19: ='เวลาเรียน4-16'!B18 -> เด็กหญิงปุญญิศา อุปทุม | AG19: =O19 -> 47 | AH19: =AD19 -> 40 | AI19: =SUM(AG19:AH19) -> 87 | AJ19: =IF(AI19>79,4,IF(AI19>74,3.5,IF(AI19>69,3,IF(AI19>64,2.5,IF(AI19>59,2,IF(AI19>54,1.5,IF(AI19>49,1,IF(AI19<50,0)))))))) -> 4 | AM19: 16. แสดงความคิดเห็นเกี่ยวกับทำนองจังหวะ การประสานเสียง และคุณภาพเสียงของเพลงที่ฟัง | AU19: ศ 2.1 ป.6/6
AM20: 18. จำแนกดนตรีที่มาจากยุคสมัยที่ต่างกัน | AU20: ศ 2.2 ป.6/2
AM21: 19. อภิปรายอิทธิพลของวัฒนธรรมต่อดนตรีในท้องถิ่น | AU21: ศ 2.2 ป.6/3
AM22: 20. สร้างสรรค์การเคลื่อนไหวและการแสดงโดยเน้นการถ่ายทอดลีลาหรืออารมณ์ | AU22: ศ 3.1 ป.6/1
AM23: 21. ออกแบบเครื่องแต่งกาย หรืออุปกรณ์ประกอบการแสดงอย่างง่าย | AU23: ศ 3.1 ป.6/2
AM24: 22. แสดงนาฏศิลป์และละครง่าย ๆ | AU24: ศ 3.1 ป.6/3
AM25: 23. บรรยายความรู้สึกของตนเองที่มีต่องานนาฏศิลป์และการละครอย่างสร้างสรรค์ | AU25: ศ 3.1 ป.6/4
AM26: 24. แสดงความคิดเห็นในการชมการแสดง | AU26: ศ 3.1 ป.6/5
AM27: 25. อธิบายความสัมพันธ์ระหว่างนาฏศิลป์และการละครกับสิ่งที่ประสบ ในชีวิตประจำวัน | AU27: ศ 3.1 ป.6/6
AM28: 26. อธิบายสิ่งที่มีความสำคัญต่อการแสดงนาฏศิลป์และละคร | AU28: ศ 3.2 ป.6/1
AM29: 27. ระบุประโยชน์ที่ได้รับจากการแสดงหรือการชมการแสดงนาฏศิลป์และละคร | AU29: ศ 3.2 ป.6/2

Sheet การงาน45-48
O1: 45 | AD1: 46 | AL1: 47 | AU1: 48
A2: การวัดผลกลางปี | P2: การวัดผลปลายปี | AE2: ผลการประเมินการเรียนรู้ ปีการศึกษา 2567 | AM2: มาตรฐานและตัวชี้วัด /ผลการเรียนรู้
A3: รายวิชา การงานอาชีพ (ง16101) | P3: =A3 -> รายวิชา การงานอาชีพ (ง16101) | AE3: =A3 -> รายวิชา การงานอาชีพ (ง16101) | AM3: รายวิชา การงานอาชีพ ง16101
A4: เลขที่ | B4: ชื่อ | C4: คะแนนผลการเรียนรู้ ภาคเรียนที่ 1 | N4: ปลายภาค 1 | O4: รวมคะแนน | P4: เลขที่ | Q4: ชื่อ | R4: คะแนนผลการเรียนรู้ ภาคเรียนที่ 2 | AC4: ปลายภาค2 | AD4: รวมคะแนน | AE4: เลขที่ | AF4: ชื่อ | AG4: คะแนนภาคเรียนที่ 1 | AH4: คะแนนภาคเรียนที่ 2 | AI4: รวมคะแนนทั้งปี | AJ4: ผลการเรียน | AK4: ผลการแก้ไข | AL4: หมายเหตุ
B5: หน่วยที่ | C5: 1 | M5: รวม | Q5: หน่วยที่ | R5: 1 | AB5: รวม | AM5: 1. อภิปรายแนวทางในการทำงานและปรับปรุงการทำงานแต่ละขั้นตอน | AU5: ง 1.1 ป.6/1
B6: คะแนนเต็ม | M6: 0 | N6: 50 | O6: =SUM(M6:N6) -> 50 | Q6: คะแนนเต็ม | AB6: =SUM(R6:AA6) -> 0 | AC6: 50 | AD6: =SUM(AB6:AC6) -> 50 | AF6: คะแนนเต็ม | AG6: 50 | AH6: 50 | AI6: 100 | AM6: 2. ใช้ทักษะการจัดการในการทำงาน และมีทักษะการทำงานร่วมกัน | AU6: ง 1.1 ป.6/2
A7: 1 | B7: ='เวลาเรียน4-16'!B6 -> เด็กชายกฤษดา บัวศรี | M7: =SUM(C7:L7) -> 0 | N7: 47 | O7: =SUM(M7:N7) -> 47 | P7: 1 | Q7: =B7 -> เด็กชายกฤษดา บัวศรี | AB7: =SUM(R7:AA7) -> 0 | AC7: 47 | AD7: =SUM(AB7:AC7) -> 47 | AE7: 1 | AF7: ='เวลาเรียน4-16'!B6 -> เด็กชายกฤษดา บัวศรี | AG7: =O7 -> 47 | AH7: =AD7 -> 47 | AI7: =SUM(AG7:AH7) -> 94 | AJ7: =IF(AI7>79,4,IF(AI7>74,3.5,IF(AI7>69,3,IF(AI7>64,2.5,IF(AI7>59,2,IF(AI7>54,1.5,IF(AI7>49,1,IF(AI7<50,0)))))))) -> 4 | AM7: 3. ปฏิบัติตนอย่างมีมารยาทในการทำงานกับครอบครัวและผู้อื่น | AU7: ง 1.1 ป.6/3
A8: 2 | B8: ='เวลาเรียน4-16'!B7 -> เด็กชายจิรายุ ดอบุตร | M8: =SUM(C8:L8) -> 0 | N8: 47 | O8: =SUM(M8:N8) -> 47 | P8: 2 | Q8: =B8 -> เด็กชายจิรายุ ดอบุตร | AB8: =SUM(R8:AA8) -> 0 | AC8: 43 | AD8: =SUM(AB8:AC8) -> 43 | AE8: 2 | AF8: ='เวลาเรียน4-16'!B7 -> เด็กชายจิรายุ ดอบุตร | AG8: =O8 -> 47 | AH8: =AD8 -> 43 | AI8: =SUM(AG8:AH8) -> 90 | AJ8: =IF(AI8>79,4,IF(AI8>74,3.5,IF(AI8>69,3,IF(AI8>64,2.5,IF(AI8>59,2,IF(AI8>54,1.5,IF(AI8>49,1,IF(AI8<50,0)))))))) -> 4 | AM8: 4. สำรวจตนเองเพื่อวางแผนในการเลือกอาชีพ | AU8: ง 2.1 ป.6/1
A9: 3 | B9: ='เวลาเรียน4-16'!B8 -> เด็กชายจิรายุ เนตรสว่าง | M9: =SUM(C9:L9) -> 0 | N9: 46 | O9: =SUM(M9:N9) -> 46 | P9: 3 | Q9: =B9 -> เด็กชายจิรายุ เนตรสว่าง | AB9: =SUM(R9:AA9) -> 0 | AC9: 44 | AD9: =SUM(AB9:AC9) -> 44 | AE9: 3 | AF9: ='เวลาเรียน4-16'!B8 -> เด็กชายจิรายุ เนตรสว่าง | AG9: =O9 -> 46 | AH9: =AD9 -> 44 | AI9: =SUM(AG9:AH9) -> 90 | AJ9: =IF(AI9>79,4,IF(AI9>74,3.5,IF(AI9>69,3,IF(AI9>64,2.5,IF(AI9>59,2,IF(AI9>54,1.5,IF(AI9>49,1,IF(AI9<50,0)))))))) -> 4 | AM9: 5. ระบุความรู้ ความสามารถและคุณธรรมที่สัมพันธ์กับอาชีพที่สนใจ | AU9: ง 2.1 ป.6/2
A10: 4 | B10: ='เวลาเรียน4-16'!B9 -> เด็กชายจีรภัทร คันธมาตย์ | M10: =SUM(C10:L10) -> 0 | N10: 40 | O10: =SUM(M10:N10) -> 40 | P10: 4 | Q10: =B10 -> เด็กชายจีรภัทร คันธมาตย์ | AB10: =SUM(R10:AA10) -> 0 | AC10: 41 | AD10: =SUM(AB10:AC10) -> 41 | AE10: 4 | AF10: ='เวลาเรียน4-16'!B9 -> เด็กชายจีรภัทร คันธมาตย์ | AG10: =O10 -> 40 | AH10: =AD10 -> 41 | AI10: =SUM(AG10:AH10) -> 81 | AJ10: =IF(AI10>79,4,IF(AI10>74,3.5,IF(AI10>69,3,IF(AI10>64,2.5,IF(AI10>59,2,IF(AI10>54,1.5,IF(AI10>49,1,IF(AI10<50,0)))))))) -> 4
A11: 5 | B11: ='เวลาเรียน4-16'!B10 -> เด็กชายปรวัฒน์ โพธิ์ศรี | M11: =SUM(C11:L11) -> 0 | N11: 44 | O11: =SUM(M11:N11) -> 44 | P11: 5 | Q11: =B11 -> เด็กชายปรวัฒน์ โพธิ์ศรี | AB11: =SUM(R11:AA11) -> 0 | AC11: 42 | AD11: =SUM(AB11:AC11) -> 42 | AE11: 5 | AF11: ='เวลาเรียน4-16'!B10 -> เด็กชายปรวัฒน์ โพธิ์ศรี | AG11: =O11 -> 44 | AH11: =AD11 -> 42 | AI11: =SUM(AG11:AH11) -> 86 | AJ11: =IF(AI11>79,4,IF(AI11>74,3.5,IF(AI11>69,3,IF(AI11>64,2.5,IF(AI11>59,2,IF(AI11>54,1.5,IF(AI11>49,1,IF(AI11<50,0)))))))) -> 4
A12: 6 | B12: ='เวลาเรียน4-16'!B11 -> เด็กชายพีรภาพ วงคำใหญ่ | M12: =SUM(C12:L12) -> 0 | N12: 47 | O12: =SUM(M12:N12) -> 47 | P12: 6 | Q12: =B12 -> เด็กชายพีรภาพ วงคำใหญ่ | AB12: =SUM(R12:AA12) -> 0 | AC12: 44 | AD12: =SUM(AB12:AC12) -> 44 | AE12: 6 | AF12: ='เวลาเรียน4-16'!B11 -> เด็กชายพีรภาพ วงคำใหญ่ | AG12: =O12 -> 47 | AH12: =AD12 -> 44 | AI12: =SUM(AG12:AH12) -> 91 | AJ12: =IF(AI12>79,4,IF(AI12>74,3.5,IF(AI12>69,3,IF(AI12>64,2.5,IF(AI12>59,2,IF(AI12>54,1.5,IF(AI12>49,1,IF(AI12<50,0)))))))) -> 4
A13: 7 | B13: ='เวลาเรียน4-16'!B12 -> เด็กหญิงกมลรัตน์ แสดคง | M13: =SUM(C13:L13) -> 0 | N13: 45 | O13: =SUM(M13:N13) -> 45 | P13: 7 | Q13: =B13 -> เด็กหญิงกมลรัตน์ แสดคง | AB13: =SUM(R13:AA13) -> 0 | AC13: 44 | AD13: =SUM(AB13:AC13) -> 44 | AE13: 7 | AF13: ='เวลาเรียน4-16'!B12 -> เด็กหญิงกมลรัตน์ แสดคง | AG13: =O13 -> 45 | AH13: =AD13 -> 44 | AI13: =SUM(AG13:AH13) -> 89 | AJ13: =IF(AI13>79,4,IF(AI13>74,3.5,IF(AI13>69,3,IF(AI13>64,2.5,IF(AI13>59,2,IF(AI13>54,1.5,IF(AI13>49,1,IF(AI13<50,0)))))))) -> 4
A14: 8 | B14: ='เวลาเรียน4-16'!B13 -> เด็กหญิงกัลยรัตน์ ทึงสุข | M14: =SUM(C14:L14) -> 0 | N14: 46 | O14: =SUM(M14:N14) -> 46 | P14: 8 | Q14: =B14 -> เด็กหญิงกัลยรัตน์ ทึงสุข | AB14: =SUM(R14:AA14) -> 0 | AC14: 46 | AD14: =SUM(AB14:AC14) -> 46 | AE14: 8 | AF14: ='เวลาเรียน4-16'!B13 -> เด็กหญิงกัลยรัตน์ ทึงสุข | AG14: =O14 -> 46 | AH14: =AD14 -> 46 | AI14: =SUM(AG14:AH14) -> 92 | AJ14: =IF(AI14>79,4,IF(AI14>74,3.5,IF(AI14>69,3,IF(AI14>64,2.5,IF(AI14>59,2,IF(AI14>54,1.5,IF(AI14>49,1,IF(AI14<50,0)))))))) -> 4
A15: 9 | B15: ='เวลาเรียน4-16'!B14 -> เด็กหญิงนิตยา พละโท | M15: =SUM(C15:L15) -> 0 | N15: 46 | O15: =SUM(M15:N15) -> 46 | P15: 9 | Q15: =B15 -> เด็กหญิงนิตยา พละโท | AB15: =SUM(R15:AA15) -> 0 | AC15: 49 | AD15: =SUM(AB15:AC15) -> 49 | AE15: 9 | AF15: ='เวลาเรียน4-16'!B14 -> เด็กหญิงนิตยา พละโท | AG15: =O15 -> 46 | AH15: =AD15 -> 49 | AI15: =SUM(AG15:AH15) -> 95 | AJ15: =IF(AI15>79,4,IF(AI15>74,3.5,IF(AI15>69,3,IF(AI15>64,2.5,IF(AI15>59,2,IF(AI15>54,1.5,IF(AI15>49,1,IF(AI15<50,0)))))))) -> 4
A16: 10 | B16: ='เวลาเรียน4-16'!B15 -> เด็กหญิงบัณฑิตา เบ้าพงษ์ | M16: =SUM(C16:L16) -> 0 | N16: 42 | O16: =SUM(M16:N16) -> 42 | P16: 10 | Q16: =B16 -> เด็กหญิงบัณฑิตา เบ้าพงษ์ | AB16: =SUM(R16:AA16) -> 0 | AC16: 43 | AD16: =SUM(AB16:AC16) -> 43 | AE16: 10 | AF16: ='เวลาเรียน4-16'!B15 -> เด็กหญิงบัณฑิตา เบ้าพงษ์ | AG16: =O16 -> 42 | AH16: =AD16 -> 43 | AI16: =SUM(AG16:AH16) -> 85 | AJ16: =IF(AI16>79,4,IF(AI16>74,3.5,IF(AI16>69,3,IF(AI16>64,2.5,IF(AI16>59,2,IF(AI16>54,1.5,IF(AI16>49,1,IF(AI16<50,0)))))))) -> 4
A17: 11 | B17: ='เวลาเรียน4-16'!B16 -> เด็กหญิงพัชรกัญญ์ บาลนาคม | M17: =SUM(C17:L17) -> 0 | N17: 46 | O17: =SUM(M17:N17) -> 46 | P17: 11 | Q17: =B17 -> เด็กหญิงพัชรกัญญ์ บาลนาคม | AB17: =SUM(R17:AA17) -> 0 | AC17: 48 | AD17: =SUM(AB17:AC17) -> 48 | AE17: 11 | AF17: ='เวลาเรียน4-16'!B16 -> เด็กหญิงพัชรกัญญ์ บาลนาคม | AG17: =O17 -> 46 | AH17: =AD17 -> 48 | AI17: =SUM(AG17:AH17) -> 94 | AJ17: =IF(AI17>79,4,IF(AI17>74,3.5,IF(AI17>69,3,IF(AI17>64,2.5,IF(AI17>59,2,IF(AI17>54,1.5,IF(AI17>49,1,IF(AI17<50,0)))))))) -> 4
A18: 12 | B18: ='เวลาเรียน4-16'!B17 -> เด็กหญิงสุวิชาดา ชูจิตร | M18: =SUM(C18:L18) -> 0 | N18: 41 | O18: =SUM(M18:N18) -> 41 | P18: 12 | Q18: =B18 -> เด็กหญิงสุวิชาดา ชูจิตร | AB18: =SUM(R18:AA18) -> 0 | AC18: 43 | AD18: =SUM(AB18:AC18) -> 43 | AE18: 12 | AF18: ='เวลาเรียน4-16'!B17 -> เด็กหญิงสุวิชาดา ชูจิตร | AG18: =O18 -> 41 | AH18: =AD18 -> 43 | AI18: =SUM(AG18:AH18) -> 84 | AJ18: =IF(AI18>79,4,IF(AI18>74,3.5,IF(AI18>69,3,IF(AI18>64,2.5,IF(AI18>59,2,IF(AI18>54,1.5,IF(AI18>49,1,IF(AI18<50,0)))))))) -> 4
A19: 13 | B19: ='เวลาเรียน4-16'!B18 -> เด็กหญิงปุญญิศา อุปทุม | M19: =SUM(C19:L19) -> 0 | N19: 46 | O19: =SUM(M19:N19) -> 46 | P19: 13 | Q19: =B19 -> เด็กหญิงปุญญิศา อุปทุม | AB19: =SUM(R19:AA19) -> 0 | AC19: 44 | AD19: =SUM(AB19:AC19) -> 44 | AE19: 13 | AF19: ='เวลาเรียน4-16'!B18 -> เด็กหญิงปุญญิศา อุปทุม | AG19: =O19 -> 46 | AH19: =AD19 -> 44 | AI19: =SUM(AG19:AH19) -> 90 | AJ19: =IF(AI19>79,4,IF(AI19>74,3.5,IF(AI19>69,3,IF(AI19>64,2.5,IF(AI19>59,2,IF(AI19>54,1.5,IF(AI19>49,1,IF(AI19<50,0)))))))) -> 4

Sheet อังกฤษ49-52
O1: 49 | AD1: 50 | AL1: 51 | AU1: 52
A2: การวัดผลกลางปี | P2: การวัดผลปลายปี | AE2: ผลการประเมินการเรียนรู้ ปีการศึกษา 2567 | AM2: มาตรฐานและตัวชี้วัด /ผลการเรียนรู้
A3: รายวิชา ภาษาอังกฤษ (อ16101) | P3: =A3 -> รายวิชา ภาษาอังกฤษ (อ16101) | AE3: =A3 -> รายวิชา ภาษาอังกฤษ (อ16101) | AM3: รายวิชา ภาษาอังกฤษ อ16101
A4: เลขที่ | B4: ชื่อ | C4: คะแนนผลการเรียนรู้ ภาคเรียนที่ 1 | N4: ปลายภาค 1 | O4: รวมคะแนน | P4: เลขที่ | Q4: ชื่อ | R4: คะแนนผลการเรียนรู้ ภาคเรียนที่ 2 | AC4: ปลายภาค2 | AD4: รวมคะแนน | AE4: เลขที่ | AF4: ชื่อ | AG4: คะแนนภาคเรียนที่ 1 | AH4: คะแนนภาคเรียนที่ 2 | AI4: รวมคะแนนทั้งปี | AJ4: ผลการเรียน | AK4: ผลการแก้ไข | AL4: หมายเหตุ
B5: หน่วยที่ | C5: 1 | D5: 2 | E5: 3 | F5: 4 | G5: 5 | M5: รวม | Q5: หน่วยที่ | R5: 1 | S5: 2 | T5: 3 | U5: 4 | V5: 5 | AB5: รวม | AM5: 1 | AN5: ปฏิบัติตามคำสั่ง คำขอร้อง และคำแนะนำที่ฟัง และอ่าน | AU5: ต 1.1 ป. 6/1
B6: คะแนนเต็ม | C6: 6 | D6: 6 | E6: 6 | F6: 6 | G6: 6 | M6: =SUM(C6:L6) -> 30 | N6: 20 | O6: =SUM(M6:N6) -> 50 | Q6: คะแนนเต็ม | R6: 6 | S6: 6 | T6: 6 | U6: 6 | V6: 6 | AB6: =SUM(R6:AA6) -> 30 | AC6: 20 | AD6: =SUM(AB6:AC6) -> 50 | AF6: คะแนนเต็ม | AG6: 50 | AH6: 50 | AI6: 100 | AM6: 2 | AN6: อ่านออกข้อความ นิทาน และบทกลอนสั้นๆ ถูกต้องตามหลักการอ่าน | AU6: ต 1.1 ป. 6/2
A7: 1 | B7: ='เวลาเรียน4-16'!B6 -> เด็กชายกฤษดา บัวศรี | C7: 5 | D7: 6 | E7: 5 | F7: 5 | G7: 6 | M7: =SUM(C7:L7) -> 27 | N7: 12 | O7: =SUM(M7:N7) -> 39 | P7: 1 | Q7: =B7 -> เด็กชายกฤษดา บัวศรี | R7: 6 | S7: 5 | T7: 5 | U7: 6 | V7: 6 | AB7: =SUM(R7:AA7) -> 28 | AC7: 9 | AD7: =SUM(AB7:AC7) -> 37 | AE7: 1 | AF7: ='เวลาเรียน4-16'!B6 -> เด็กชายกฤษดา บัวศรี | AG7: =O7 -> 39 | AH7: =AD7 -> 37 | AI7: =SUM(AG7:AH7) -> 76 | AJ7: =IF(AI7>79,4,IF(AI7>74,3.5,IF(AI7>69,3,IF(AI7>64,2.5,IF(AI7>59,2,IF(AI7>54,1.5,IF(AI7>49,1,IF(AI7<50,0)))))))) -> 3.5 | AM7: 3 | AN7: เลือก/ระบุประโยค หรือข้อความสั้นๆตรงกับภาพ สัญลักษณ์ หรือเครื่องหมายที่อ่าน | AU7: ต 1.1 ป. 6/3
A8: 2 | B8: ='เวลาเรียน4-16'!B7 -> เด็กชายจิรายุ ดอบุตร | C8: 6 | D8: 6 | E8: 5 | F8: 6 | G8: 6 | M8: =SUM(C8:L8) -> 29 | N8: 15 | O8: =SUM(M8:N8) -> 44 | P8: 2 | Q8: =B8 -> เด็กชายจิรายุ ดอบุตร | R8: 6 | S8: 6 | T8: 6 | U8: 6 | V8: 6 | AB8: =SUM(R8:AA8) -> 30 | AC8: 10 | AD8: =SUM(AB8:AC8) -> 40 | AE8: 2 | AF8: ='เวลาเรียน4-16'!B7 -> เด็กชายจิรายุ ดอบุตร | AG8: =O8 -> 44 | AH8: =AD8 -> 40 | AI8: =SUM(AG8:AH8) -> 84 | AJ8: =IF(AI8>79,4,IF(AI8>74,3.5,IF(AI8>69,3,IF(AI8>64,2.5,IF(AI8>59,2,IF(AI8>54,1.5,IF(AI8>49,1,IF(AI8<50,0)))))))) -> 4 | AM8: 4 | AN8: บอกใจความสำคัญและตอบคำถาม จากการฟังและอ่านบทสนทนา นิทานง่ายๆ และเรื่องเล่า | AU8: ต 1.1 ป. 6/4
A9: 3 | B9: ='เวลาเรียน4-16'!B8 -> เด็กชายจิรายุ เนตรสว่าง | C9: 5 | D9: 6 | E9: 5 | F9: 5 | G9: 5 | M9: =SUM(C9:L9) -> 26 | N9: 11 | O9: =SUM(M9:N9) -> 37 | P9: 3 | Q9: =B9 -> เด็กชายจิรายุ เนตรสว่าง | R9: 4 | S9: 5 | T9: 5 | U9: 5 | V9: 4 | AB9: =SUM(R9:AA9) -> 23 | AC9: 8 | AD9: =SUM(AB9:AC9) -> 31 | AE9: 3 | AF9: ='เวลาเรียน4-16'!B8 -> เด็กชายจิรายุ เนตรสว่าง | AG9: =O9 -> 37 | AH9: =AD9 -> 31 | AI9: =SUM(AG9:AH9) -> 68 | AJ9: =IF(AI9>79,4,IF(AI9>74,3.5,IF(AI9>69,3,IF(AI9>64,2.5,IF(AI9>59,2,IF(AI9>54,1.5,IF(AI9>49,1,IF(AI9<50,0)))))))) -> 2.5 | AM9: 5 | AN9: พูด/เขียนโต้ตอบในการสื่อสารระหว่างบุคคล | AU9: ต 1.2 ป. 6/1
A10: 4 | B10: ='เวลาเรียน4-16'!B9 -> เด็กชายจีรภัทร คันธมาตย์ | C10: 5 | D10: 6 | E10: 6 | F10: 5 | G10: 5 | M10: =SUM(C10:L10) -> 27 | N10: 9 | O10: =SUM(M10:N10) -> 36 | P10: 4 | Q10: =B10 -> เด็กชายจีรภัทร คันธมาตย์ | R10: 4 | S10: 4 | T10: 5 | U10: 5 | V10: 5 | AB10: =SUM(R10:AA10) -> 23 | AC10: 6 | AD10: =SUM(AB10:AC10) -> 29 | AE10: 4 | AF10: ='เวลาเรียน4-16'!B9 -> เด็กชายจีรภัทร คันธมาตย์ | AG10: =O10 -> 36 | AH10: =AD10 -> 29 | AI10: =SUM(AG10:AH10) -> 65 | AJ10: =IF(AI10>79,4,IF(AI10>74,3.5,IF(AI10>69,3,IF(AI10>64,2.5,IF(AI10>59,2,IF(AI10>54,1.5,IF(AI10>49,1,IF(AI10<50,0)))))))) -> 2.5 | AM10: 6 | AN10: ใช้คำสั่ง คำขอร้อง คำขออนุญาต และให้คำแนะนำ | AU10: ต 1.2 ป. 6/2
A11: 5 | B11: ='เวลาเรียน4-16'!B10 -> เด็กชายปรวัฒน์ โพธิ์ศรี | C11: 5 | D11: 4 | E11: 5 | F11: 5 | G11: 5 | M11: =SUM(C11:L11) -> 24 | N11: 7 | O11: =SUM(M11:N11) -> 31 | P11: 5 | Q11: =B11 -> เด็กชายปรวัฒน์ โพธิ์ศรี | R11: 5 | S11: 5 | T11: 5 | U11: 5 | V11: 4 | AB11: =SUM(R11:AA11) -> 24 | AC11: 5 | AD11: =SUM(AB11:AC11) -> 29 | AE11: 5 | AF11: ='เวลาเรียน4-16'!B10 -> เด็กชายปรวัฒน์ โพธิ์ศรี | AG11: =O11 -> 31 | AH11: =AD11 -> 29 | AI11: =SUM(AG11:AH11) -> 60 | AJ11: =IF(AI11>79,4,IF(AI11>74,3.5,IF(AI11>69,3,IF(AI11>64,2.5,IF(AI11>59,2,IF(AI11>54,1.5,IF(AI11>49,1,IF(AI11<50,0)))))))) -> 2 | AM11: 7 | AN11: พูด/เขียนแสดงความต้องการ ขอความช่วยเหลือ ตอบรับและปฏิเสธการให้ความช่วยเหลือในสถานการณ์ง่าย ๆ | AU11: ต 1.2 ป. 6/3
A12: 6 | B12: ='เวลาเรียน4-16'!B11 -> เด็กชายพีรภาพ วงคำใหญ่ | C12: 6 | D12: 5 | E12: 6 | F12: 6 | G12: 6 | M12: =SUM(C12:L12) -> 29 | N12: 13 | O12: =SUM(M12:N12) -> 42 | P12: 6 | Q12: =B12 -> เด็กชายพีรภาพ วงคำใหญ่ | R12: 6 | S12: 6 | T12: 6 | U12: 6 | V12: 6 | AB12: =SUM(R12:AA12) -> 30 | AC12: 10 | AD12: =SUM(AB12:AC12) -> 40 | AE12: 6 | AF12: ='เวลาเรียน4-16'!B11 -> เด็กชายพีรภาพ วงคำใหญ่ | AG12: =O12 -> 42 | AH12: =AD12 -> 40 | AI12: =SUM(AG12:AH12) -> 82 | AJ12: =IF(AI12>79,4,IF(AI12>74,3.5,IF(AI12>69,3,IF(AI12>64,2.5,IF(AI12>59,2,IF(AI12>54,1.5,IF(AI12>49,1,IF(AI12<50,0)))))))) -> 4 | AM12: 8 | AN12: พูดและเขียนเพื่อขอและให้ข้อมูล เกี่ยวกับตนเอง เพื่อน ครอบครัว และเรื่องใกล้ตัว | AU12: ต 1.2 ป. 6/4
A13: 7 | B13: ='เวลาเรียน4-16'!B12 -> เด็กหญิงกมลรัตน์ แสดคง | C13: 5 | D13: 5 | E13: 6 | F13: 6 | G13: 6 | M13: =SUM(C13:L13) -> 28 | N13: 11 | O13: =SUM(M13:N13) -> 39 | P13: 7 | Q13: =B13 -> เด็กหญิงกมลรัตน์ แสดคง | R13: 5 | S13: 5 | T13: 6 | U13: 6 | V13: 6 | AB13: =SUM(R13:AA13) -> 28 | AC13: 8 | AD13: =SUM(AB13:AC13) -> 36 | AE13: 7 | AF13: ='เวลาเรียน4-16'!B12 -> เด็กหญิงกมลรัตน์ แสดคง | AG13: =O13 -> 39 | AH13: =AD13 -> 36 | AI13: =SUM(AG13:AH13) -> 75 | AJ13: =IF(AI13>79,4,IF(AI13>74,3.5,IF(AI13>69,3,IF(AI13>64,2.5,IF(AI13>59,2,IF(AI13>54,1.5,IF(AI13>49,1,IF(AI13<50,0)))))))) -> 3.5 | AM13: 9 | AN13: พูด/เขียนแสดงความรู้สึกของตนเองเกี่ยวกับเรื่องต่างๆ ใกล้ตัว กิจกรรมต่างๆ พร้อมทั้งให้เหตุผลสั้นๆ ประกอบ | AU13: ต 1.2 ป. 6/5
A14: 8 | B14: ='เวลาเรียน4-16'!B13 -> เด็กหญิงกัลยรัตน์ ทึงสุข | C14: 6 | D14: 6 | E14: 6 | F14: 6 | G14: 6 | M14: =SUM(C14:L14) -> 30 | N14: 16 | O14: =SUM(M14:N14) -> 46 | P14: 8 | Q14: =B14 -> เด็กหญิงกัลยรัตน์ ทึงสุข | R14: 6 | S14: 6 | T14: 5 | U14: 6 | V14: 6 | AB14: =SUM(R14:AA14) -> 29 | AC14: 11 | AD14: =SUM(AB14:AC14) -> 40 | AE14: 8 | AF14: ='เวลาเรียน4-16'!B13 -> เด็กหญิงกัลยรัตน์ ทึงสุข | AG14: =O14 -> 46 | AH14: =AD14 -> 40 | AI14: =SUM(AG14:AH14) -> 86 | AJ14: =IF(AI14>79,4,IF(AI14>74,3.5,IF(AI14>69,3,IF(AI14>64,2.5,IF(AI14>59,2,IF(AI14>54,1.5,IF(AI14>49,1,IF(AI14<50,0)))))))) -> 4 | AM14: 10 | AN14: พูด/เขียนให้ข้อมูลเกี่ยวกับตนเอง เพื่อน และสิ่งแวดล้อมใกล้ตัว | AU14: ต 1.3 ป. 6/1
A15: 9 | B15: ='เวลาเรียน4-16'!B14 -> เด็กหญิงนิตยา พละโท | C15: 5 | D15: 6 | E15: 6 | F15: 6 | G15: 6 | M15: =SUM(C15:L15) -> 29 | N15: 14 | O15: =SUM(M15:N15) -> 43 | P15: 9 | Q15: =B15 -> เด็กหญิงนิตยา พละโท | R15: 5 | S15: 6 | T15: 6 | U15: 6 | V15: 6 | AB15: =SUM(R15:AA15) -> 29 | AC15: 10 | AD15: =SUM(AB15:AC15) -> 39 | AE15: 9 | AF15: ='เวลาเรียน4-16'!B14 -> เด็กหญิงนิตยา พละโท | AG15: =O15 -> 43 | AH15: =AD15 -> 39 | AI15: =SUM(AG15:AH15) -> 82 | AJ15: =IF(AI15>79,4,IF(AI15>74,3.5,IF(AI15>69,3,IF(AI15>64,2.5,IF(AI15>59,2,IF(AI15>54,1.5,IF(AI15>49,1,IF(AI15<50,0)))))))) -> 4 | AM15: 11 | AN15: เขียนภาพ แผนผัง แผนภูมิและตารางแสดงข้อมูลต่างๆ ที่ฟัง หรืออ่าน | AU15: ต 1.3 ป.6/2
A16: 10 | B16: ='เวลาเรียน4-16'!B15 -> เด็กหญิงบัณฑิตา เบ้าพงษ์ | C16: 5 | D16: 5 | E16: 6 | F16: 6 | G16: 6 | M16: =SUM(C16:L16) -> 28 | N16: 11 | O16: =SUM(M16:N16) -> 39 | P16: 10 | Q16: =B16 -> เด็กหญิงบัณฑิตา เบ้าพงษ์ | R16: 6 | S16: 5 | T16: 6 | U16: 6 | V16: 5 | AB16: =SUM(R16:AA16) -> 28 | AC16: 9 | AD16: =SUM(AB16:AC16) -> 37 | AE16: 10 | AF16: ='เวลาเรียน4-16'!B15 -> เด็กหญิงบัณฑิตา เบ้าพงษ์ | AG16: =O16 -> 39 | AH16: =AD16 -> 37 | AI16: =SUM(AG16:AH16) -> 76 | AJ16: =IF(AI16>79,4,IF(AI16>74,3.5,IF(AI16>69,3,IF(AI16>64,2.5,IF(AI16>59,2,IF(AI16>54,1.5,IF(AI16>49,1,IF(AI16<50,0)))))))) -> 3.5 | AM16: 12 | AN16: พูด/ เขียนแสดงความคิดเห็นเกี่ยวกับเรื่องต่างๆใกล้ตัว | AU16: ต 1.3 ป.6/3
A17: 11 | B17: ='เวลาเรียน4-16'!B16 -> เด็กหญิงพัชรกัญญ์ บาลนาคม | C17: 6 | D17: 6 | E17: 5 | F17: 6 | G17: 6 | M17: =SUM(C17:L17) -> 29 | N17: 12 | O17: =SUM(M17:N17) -> 41 | P17: 11 | Q17: =B17 -> เด็กหญิงพัชรกัญญ์ บาลนาคม | R17: 6 | S17: 5 | T17: 6 | U17: 6 | V17: 6 | AB17: =SUM(R17:AA17) -> 29 | AC17: 10 | AD17: =SUM(AB17:AC17) -> 39 | AE17: 11 | AF17: ='เวลาเรียน4-16'!B16 -> เด็กหญิงพัชรกัญญ์ บาลนาคม | AG17: =O17 -> 41 | AH17: =AD17 -> 39 | AI17: =SUM(AG17:AH17) -> 80 | AJ17: =IF(AI17>79,4,IF(AI17>74,3.5,IF(AI17>69,3,IF(AI17>64,2.5,IF(AI17>59,2,IF(AI17>54,1.5,IF(AI17>49,1,IF(AI17<50,0)))))))) -> 4 | AM17: 13 | AN17: ใช้ถ้อยคำ น้ำเสียง และกิริยาท่าทางอย่างสุภาพ เหมาะสมตามมารยาท สังคมและวัฒนธรรมของเจ้าของ | AU17: ต 2.1 ป. 6/1
A18: 12 | B18: ='เวลาเรียน4-16'!B17 -> เด็กหญิงสุวิชาดา ชูจิตร | C18: 4 | D18: 4 | E18: 4 | F18: 4 | G18: 4 | M18: =SUM(C18:L18) -> 20 | N18: 9 | O18: =SUM(M18:N18) -> 29 | P18: 12 | Q18: =B18 -> เด็กหญิงสุวิชาดา ชูจิตร | R18: 4 | S18: 4 | T18: 5 | U18: 4 | V18: 4 | AB18: =SUM(R18:AA18) -> 21 | AC18: 5 | AD18: =SUM(AB18:AC18) -> 26 | AE18: 12 | AF18: ='เวลาเรียน4-16'!B17 -> เด็กหญิงสุวิชาดา ชูจิตร | AG18: =O18 -> 29 | AH18: =AD18 -> 26 | AI18: =SUM(AG18:AH18) -> 55 | AJ18: =IF(AI18>79,4,IF(AI18>74,3.5,IF(AI18>69,3,IF(AI18>64,2.5,IF(AI18>59,2,IF(AI18>54,1.5,IF(AI18>49,1,IF(AI18<50,0)))))))) -> 1.5 | AN18: ภาษา
A19: 13 | B19: ='เวลาเรียน4-16'!B18 -> เด็กหญิงปุญญิศา อุปทุม | C19: 6 | D19: 6 | E19: 6 | F19: 6 | G19: 6 | M19: =SUM(C19:L19) -> 30 | N19: 13 | O19: =SUM(M19:N19) -> 43 | P19: 13 | Q19: =B19 -> เด็กหญิงปุญญิศา อุปทุม | R19: 6 | S19: 6 | T19: 6 | U19: 6 | V19: 6 | AB19: =SUM(R19:AA19) -> 30 | AC19: 12 | AD19: =SUM(AB19:AC19) -> 42 | AE19: 13 | AF19: ='เวลาเรียน4-16'!B18 -> เด็กหญิงปุญญิศา อุปทุม | AG19: =O19 -> 43 | AH19: =AD19 -> 42 | AI19: =SUM(AG19:AH19) -> 85 | AJ19: =IF(AI19>79,4,IF(AI19>74,3.5,IF(AI19>69,3,IF(AI19>64,2.5,IF(AI19>59,2,IF(AI19>54,1.5,IF(AI19>49,1,IF(AI19<50,0)))))))) -> 4 | AM19: 14 | AN19: ให้ข้อมูลเกี่ยวกับเทศกาล/ วันสำคัญ/ งานฉลอง/ ชีวิตความเป็นอยู่ของเจ้าของภาษา | AU19: ต 2.1 ป. 6/2
AM20: 16 | AN20: บอกความเหมือน/ ความแตกต่าง ระหว่างการออกเสียงประโยคชนิดต่างๆ การใช้เครื่องหมายวรรคตอน | AU20: ต 2.2 ป. 6/1
AN21: และการลำดับคำตามโครงสร้างประโยคขอภาษาต่างประเทศและภาษาไทย
AM22: 17 | AN22: เปรียบเทียบความเหมือน/ ความแตกต่างระหว่างเทศกาล งานฉลองและประเพณีของเจ้าของภาษากับของไทย | AU22: ต 2.2 ป. 6/2
AM23: 18 | AN23: ค้นคว้า รวบรวมคำศัพท์ที่เกี่ยวข้องกับกลุ่มสาระการเรียนรู้อื่นจากแหล่งการเรียนรู้และนำเสนอด้วยการพูด/ | AU23: ต 3.1 ป. 6/1
AN24: การเขียน
AM25: 19 | AN25: ใช้ภาษาสื่อสารในสถานการณ์ต่างๆ ที่เกิดขึ้นในห้องเรียนและสถานศึกษา | AU25: ต 4.1 ป. 6/1
AM26: 20 | AN26: ใช้ภาษาต่างประเทศในการสืบค้นและรวบรวมข้อมูลต่างๆ | AU26: ต 4.2 ป. 6/1

Sheet ทุจริต53-56
O1: 53 | AD1: 54 | AL1: 55 | AU1: 56
A2: การวัดผลกลางปี | P2: การวัดผลปลายปี | AE2: ผลการประเมินการเรียนรู้ ปีการศึกษา 2567 | AM2: มาตรฐานและตัวชี้วัด /ผลการเรียนรู้
A3: รายวิชา การป้องกันการทุจริต (ส16201) | P3: =A3 -> รายวิชา การป้องกันการทุจริต (ส16201) | AE3: =A3 -> รายวิชา การป้องกันการทุจริต (ส16201) | AM3: รายวิชา การป้องกันการทุจริต ส12201
A4: เลขที่ | B4: ชื่อ | C4: คะแนนผลการเรียนรู้ ภาคเรียนที่ 1 | N4: ปลายภาค 1 | O4: รวมคะแนน | P4: เลขที่ | Q4: ชื่อ | R4: คะแนนผลการเรียนรู้ ภาคเรียนที่ 2 | AC4: ปลายภาค2 | AD4: รวมคะแนน | AE4: เลขที่ | AF4: ชื่อ | AG4: คะแนนภาคเรียนที่ 1 | AH4: คะแนนภาคเรียนที่ 2 | AI4: รวมคะแนนทั้งปี | AJ4: ผลการเรียน | AK4: ผลการแก้ไข | AL4: หมายเหตุ
B5: หน่วยที่ | M5: รวม | Q5: หน่วยที่ | AB5: รวม | AM5: หน่วยที่ 1 การคิดแยกแยะระหว่างผลประโยชน์ส่วนตนและผลประโยชน์ส่วนรวม
B6: คะแนนเต็ม | C6: 10 | D6: 10 | E6: 10 | M6: =SUM(C6:L6) -> 30 | N6: 20 | O6: =SUM(M6:N6) -> 50 | Q6: คะแนนเต็ม | R6: 10 | S6: 10 | T6: 10 | AB6: =SUM(R6:AA6) -> 30 | AC6: 20 | AD6: =SUM(AB6:AC6) -> 50 | AF6: คะแนนเต็ม | AG6: 50 | AH6: 50 | AI6: 100 | AM6: 1. มีความรู้ ความเข้าใจเกี่ยวกับการแยกแยะระหว่างผลประโยชน์ส่วนตนกับผลประโยชน์ส่วนรวม
A7: 1 | B7: ='เวลาเรียน4-16'!B6 -> เด็กชายกฤษดา บัวศรี | C7: 8 | D7: 9 | E7: 8 | M7: =SUM(C7:L7) -> 25 | N7: 10 | O7: =SUM(M7:N7) -> 35 | P7: 1 | Q7: =B7 -> เด็กชายกฤษดา บัวศรี | R7: 8 | S7: 9 | T7: 8 | AB7: =SUM(R7:AA7) -> 25 | AC7: 11 | AD7: =SUM(AB7:AC7) -> 36 | AE7: 1 | AF7: ='เวลาเรียน4-16'!B6 -> เด็กชายกฤษดา บัวศรี | AG7: =O7 -> 35 | AH7: =AD7 -> 36 | AI7: =SUM(AG7:AH7) -> 71 | AJ7: =IF(AI7>79,4,IF(AI7>74,3.5,IF(AI7>69,3,IF(AI7>64,2.5,IF(AI7>59,2,IF(AI7>54,1.5,IF(AI7>49,1,IF(AI7<50,0)))))))) -> 3 | AM7: 2. สามารถคิดแยกแยะระหว่างผลประโยชน์ส่วนตนกับผลประโยชน์ส่วนรวมได้
A8: 2 | B8: ='เวลาเรียน4-16'!B7 -> เด็กชายจิรายุ ดอบุตร | C8: 9 | D8: 8 | E8: 8 | M8: =SUM(C8:L8) -> 25 | N8: 12 | O8: =SUM(M8:N8) -> 37 | P8: 2 | Q8: =B8 -> เด็กชายจิรายุ ดอบุตร | R8: 10 | S8: 9 | T8: 9 | AB8: =SUM(R8:AA8) -> 28 | AC8: 13 | AD8: =SUM(AB8:AC8) -> 41 | AE8: 2 | AF8: ='เวลาเรียน4-16'!B7 -> เด็กชายจิรายุ ดอบุตร | AG8: =O8 -> 37 | AH8: =AD8 -> 41 | AI8: =SUM(AG8:AH8) -> 78 | AJ8: =IF(AI8>79,4,IF(AI8>74,3.5,IF(AI8>69,3,IF(AI8>64,2.5,IF(AI8>59,2,IF(AI8>54,1.5,IF(AI8>49,1,IF(AI8<50,0)))))))) -> 3.5 | AM8: หน่วยที่ 2 ความละอายและความไม่ทนต่อการทุจริต
A9: 3 | B9: ='เวลาเรียน4-16'!B8 -> เด็กชายจิรายุ เนตรสว่าง | C9: 10 | D9: 9 | E9: 9 | M9: =SUM(C9:L9) -> 28 | N9: 14 | O9: =SUM(M9:N9) -> 42 | P9: 3 | Q9: =B9 -> เด็กชายจิรายุ เนตรสว่าง | R9: 10 | S9: 10 | T9: 10 | AB9: =SUM(R9:AA9) -> 30 | AC9: 15 | AD9: =SUM(AB9:AC9) -> 45 | AE9: 3 | AF9: ='เวลาเรียน4-16'!B8 -> เด็กชายจิรายุ เนตรสว่าง | AG9: =O9 -> 42 | AH9: =AD9 -> 45 | AI9: =SUM(AG9:AH9) -> 87 | AJ9: =IF(AI9>79,4,IF(AI9>74,3.5,IF(AI9>69,3,IF(AI9>64,2.5,IF(AI9>59,2,IF(AI9>54,1.5,IF(AI9>49,1,IF(AI9<50,0)))))))) -> 4 | AM9: 3. มีความรู้ ความเข้าใจเกี่ยวกับความละอายและความไม่ทนต่อการทุจริต
A10: 4 | B10: ='เวลาเรียน4-16'!B9 -> เด็กชายจีรภัทร คันธมาตย์ | C10: 9 | D10: 10 | E10: 9 | M10: =SUM(C10:L10) -> 28 | N10: 13 | O10: =SUM(M10:N10) -> 41 | P10: 4 | Q10: =B10 -> เด็กชายจีรภัทร คันธมาตย์ | R10: 10 | S10: 10 | T10: 10 | AB10: =SUM(R10:AA10) -> 30 | AC10: 16 | AD10: =SUM(AB10:AC10) -> 46 | AE10: 4 | AF10: ='เวลาเรียน4-16'!B9 -> เด็กชายจีรภัทร คันธมาตย์ | AG10: =O10 -> 41 | AH10: =AD10 -> 46 | AI10: =SUM(AG10:AH10) -> 87 | AJ10: =IF(AI10>79,4,IF(AI10>74,3.5,IF(AI10>69,3,IF(AI10>64,2.5,IF(AI10>59,2,IF(AI10>54,1.5,IF(AI10>49,1,IF(AI10<50,0)))))))) -> 4 | AM10: 4. ปฏิบัติตนเป็นผู้ละอายและไม่ทนต่อการทุจริตทุกรูปแบบ
A11: 5 | B11: ='เวลาเรียน4-16'!B10 -> เด็กชายปรวัฒน์ โพธิ์ศรี | C11: 9 | D11: 10 | E11: 9 | M11: =SUM(C11:L11) -> 28 | N11: 15 | O11: =SUM(M11:N11) -> 43 | P11: 5 | Q11: =B11 -> เด็กชายปรวัฒน์ โพธิ์ศรี | R11: 9 | S11: 9 | T11: 10 | AB11: =SUM(R11:AA11) -> 28 | AC11: 14 | AD11: =SUM(AB11:AC11) -> 42 | AE11: 5 | AF11: ='เวลาเรียน4-16'!B10 -> เด็กชายปรวัฒน์ โพธิ์ศรี | AG11: =O11 -> 43 | AH11: =AD11 -> 42 | AI11: =SUM(AG11:AH11) -> 85 | AJ11: =IF(AI11>79,4,IF(AI11>74,3.5,IF(AI11>69,3,IF(AI11>64,2.5,IF(AI11>59,2,IF(AI11>54,1.5,IF(AI11>49,1,IF(AI11<50,0)))))))) -> 4 | AM11: หน่วยที่ 3 STRONG/จิตพอเพียงต่อต้านการทุจริต
A12: 6 | B12: ='เวลาเรียน4-16'!B11 -> เด็กชายพีรภาพ วงคำใหญ่ | C12: 10 | D12: 10 | E12: 10 | M12: =SUM(C12:L12) -> 30 | N12: 16 | O12: =SUM(M12:N12) -> 46 | P12: 6 | Q12: =B12 -> เด็กชายพีรภาพ วงคำใหญ่ | R12: 10 | S12: 10 | T12: 10 | AB12: =SUM(R12:AA12) -> 30 | AC12: 18 | AD12: =SUM(AB12:AC12) -> 48 | AE12: 6 | AF12: ='เวลาเรียน4-16'!B11 -> เด็กชายพีรภาพ วงคำใหญ่ | AG12: =O12 -> 46 | AH12: =AD12 -> 48 | AI12: =SUM(AG12:AH12) -> 94 | AJ12: =IF(AI12>79,4,IF(AI12>74,3.5,IF(AI12>69,3,IF(AI12>64,2.5,IF(AI12>59,2,IF(AI12>54,1.5,IF(AI12>49,1,IF(AI12<50,0)))))))) -> 4 | AM12: 5. ปฏิบัติตนเป็นผู้ที่ STRONG: จิตพอเพียงต่อต้านการทุจริต
A13: 7 | B13: ='เวลาเรียน4-16'!B12 -> เด็กหญิงกมลรัตน์ แสดคง | C13: 10 | D13: 10 | E13: 10 | M13: =SUM(C13:L13) -> 30 | N13: 15 | O13: =SUM(M13:N13) -> 45 | P13: 7 | Q13: =B13 -> เด็กหญิงกมลรัตน์ แสดคง | R13: 10 | S13: 10 | T13: 10 | AB13: =SUM(R13:AA13) -> 30 | AC13: 15 | AD13: =SUM(AB13:AC13) -> 45 | AE13: 7 | AF13: ='เวลาเรียน4-16'!B12 -> เด็กหญิงกมลรัตน์ แสดคง | AG13: =O13 -> 45 | AH13: =AD13 -> 45 | AI13: =SUM(AG13:AH13) -> 90 | AJ13: =IF(AI13>79,4,IF(AI13>74,3.5,IF(AI13>69,3,IF(AI13>64,2.5,IF(AI13>59,2,IF(AI13>54,1.5,IF(AI13>49,1,IF(AI13<50,0)))))))) -> 4 | AM13: 6. มีความรู้ ความเข้าใจเกี่ยวกับ STRONG: จิตพอเพียงต่อต้านการทุจริต
A14: 8 | B14: ='เวลาเรียน4-16'!B13 -> เด็กหญิงกัลยรัตน์ ทึงสุข | C14: 10 | D14: 10 | E14: 10 | M14: =SUM(C14:L14) -> 30 | N14: 16 | O14: =SUM(M14:N14) -> 46 | P14: 8 | Q14: =B14 -> เด็กหญิงกัลยรัตน์ ทึงสุข | R14: 10 | S14: 10 | T14: 10 | AB14: =SUM(R14:AA14) -> 30 | AC14: 19 | AD14: =SUM(AB14:AC14) -> 49 | AE14: 8 | AF14: ='เวลาเรียน4-16'!B13 -> เด็กหญิงกัลยรัตน์ ทึงสุข | AG14: =O14 -> 46 | AH14: =AD14 -> 49 | AI14: =SUM(AG14:AH14) -> 95 | AJ14: =IF(AI14>79,4,IF(AI14>74,3.5,IF(AI14>69,3,IF(AI14>64,2.5,IF(AI14>59,2,IF(AI14>54,1.5,IF(AI14>49,1,IF(AI14<50,0)))))))) -> 4 | AM14: หน่วยที่ 4 พลเมืองกับความรับผิดชอบต่อสังคม
A15: 9 | B15: ='เวลาเรียน4-16'!B14 -> เด็กหญิงนิตยา พละโท | C15: 10 | D15: 10 | E15: 10 | M15: =SUM(C15:L15) -> 30 | N15: 15 | O15: =SUM(M15:N15) -> 45 | P15: 9 | Q15: =B15 -> เด็กหญิงนิตยา พละโท | R15: 10 | S15: 10 | T15: 10 | AB15: =SUM(R15:AA15) -> 30 | AC15: 18 | AD15: =SUM(AB15:AC15) -> 48 | AE15: 9 | AF15: ='เวลาเรียน4-16'!B14 -> เด็กหญิงนิตยา พละโท | AG15: =O15 -> 45 | AH15: =AD15 -> 48 | AI15: =SUM(AG15:AH15) -> 93 | AJ15: =IF(AI15>79,4,IF(AI15>74,3.5,IF(AI15>69,3,IF(AI15>64,2.5,IF(AI15>59,2,IF(AI15>54,1.5,IF(AI15>49,1,IF(AI15<50,0)))))))) -> 4 | AM15: 7. มีความรู้ ความเข้าใจเกี่ยวกับพลเมืองและมีความรับผิดชอบต่อสังคม
A16: 10 | B16: ='เวลาเรียน4-16'!B15 -> เด็กหญิงบัณฑิตา เบ้าพงษ์ | C16: 10 | D16: 10 | E16: 10 | M16: =SUM(C16:L16) -> 30 | N16: 16 | O16: =SUM(M16:N16) -> 46 | P16: 10 | Q16: =B16 -> เด็กหญิงบัณฑิตา เบ้าพงษ์ | R16: 9 | S16: 10 | T16: 9 | AB16: =SUM(R16:AA16) -> 28 | AC16: 13 | AD16: =SUM(AB16:AC16) -> 41 | AE16: 10 | AF16: ='เวลาเรียน4-16'!B15 -> เด็กหญิงบัณฑิตา เบ้าพงษ์ | AG16: =O16 -> 46 | AH16: =AD16 -> 41 | AI16: =SUM(AG16:AH16) -> 87 | AJ16: =IF(AI16>79,4,IF(AI16>74,3.5,IF(AI16>69,3,IF(AI16>64,2.5,IF(AI16>59,2,IF(AI16>54,1.5,IF(AI16>49,1,IF(AI16<50,0)))))))) -> 4 | AM16: 8. ปฏิบัติตนตามหน้าที่พลเมืองและมีความรับผิดชอบต่อสังคม
A17: 11 | B17: ='เวลาเรียน4-16'!B16 -> เด็กหญิงพัชรกัญญ์ บาลนาคม | C17: 10 | D17: 10 | E17: 10 | M17: =SUM(C17:L17) -> 30 | N17: 16 | O17: =SUM(M17:N17) -> 46 | P17: 11 | Q17: =B17 -> เด็กหญิงพัชรกัญญ์ บาลนาคม | R17: 10 | S17: 10 | T17: 10 | AB17: =SUM(R17:AA17) -> 30 | AC17: 15 | AD17: =SUM(AB17:AC17) -> 45 | AE17: 11 | AF17: ='เวลาเรียน4-16'!B16 -> เด็กหญิงพัชรกัญญ์ บาลนาคม | AG17: =O17 -> 46 | AH17: =AD17 -> 45 | AI17: =SUM(AG17:AH17) -> 91 | AJ17: =IF(AI17>79,4,IF(AI17>74,3.5,IF(AI17>69,3,IF(AI17>64,2.5,IF(AI17>59,2,IF(AI17>54,1.5,IF(AI17>49,1,IF(AI17<50,0)))))))) -> 4 | AM17: 9. ตระหนักและเห็นความสำคัญของการต่อต้านและป้องกันการทุจริต
A18: 12 | B18: ='เวลาเรียน4-16'!B17 -> เด็กหญิงสุวิชาดา ชูจิตร | C18: 9 | D18: 9 | E18: 10 | M18: =SUM(C18:L18) -> 28 | N18: 12 | O18: =SUM(M18:N18) -> 40 | P18: 12 | Q18: =B18 -> เด็กหญิงสุวิชาดา ชูจิตร | R18: 9 | S18: 10 | T18: 9 | AB18: =SUM(R18:AA18) -> 28 | AC18: 16 | AD18: =SUM(AB18:AC18) -> 44 | AE18: 12 | AF18: ='เวลาเรียน4-16'!B17 -> เด็กหญิงสุวิชาดา ชูจิตร | AG18: =O18 -> 40 | AH18: =AD18 -> 44 | AI18: =SUM(AG18:AH18) -> 84 | AJ18: =IF(AI18>79,4,IF(AI18>74,3.5,IF(AI18>69,3,IF(AI18>64,2.5,IF(AI18>59,2,IF(AI18>54,1.5,IF(AI18>49,1,IF(AI18<50,0)))))))) -> 4
A19: 13 | B19: ='เวลาเรียน4-16'!B18 -> เด็กหญิงปุญญิศา อุปทุม | C19: 10 | D19: 10 | E19: 10 | M19: =SUM(C19:L19) -> 30 | N19: 18 | O19: =SUM(M19:N19) -> 48 | P19: 13 | Q19: =B19 -> เด็กหญิงปุญญิศา อุปทุม | R19: 10 | S19: 10 | T19: 10 | AB19: =SUM(R19:AA19) -> 30 | AC19: 17 | AD19: =SUM(AB19:AC19) -> 47 | AE19: 13 | AF19: ='เวลาเรียน4-16'!B18 -> เด็กหญิงปุญญิศา อุปทุม | AG19: =O19 -> 48 | AH19: =AD19 -> 47 | AI19: =SUM(AG19:AH19) -> 95 | AJ19: =IF(AI19>79,4,IF(AI19>74,3.5,IF(AI19>69,3,IF(AI19>64,2.5,IF(AI19>59,2,IF(AI19>54,1.5,IF(AI19>49,1,IF(AI19<50,0)))))))) -> 4

Sheet คอมฯ
O1: 53 | AD1: 54 | AL1: 55 | AU1: 56
A2: การวัดผลกลางปี | P2: การวัดผลปลายปี | AE2: ผลการประเมินการเรียนรู้ ปีการศึกษา 2567 | AM2: มาตรฐานและตัวชี้วัด /ผลการเรียนรู้
A3: รายวิชา คอมพิวเตอร์ (ว16201) | P3: =A3 -> รายวิชา คอมพิวเตอร์ (ว16201) | AE3: =A3 -> รายวิชา คอมพิวเตอร์ (ว16201) | AM3: รายวิชา การป้องกันการทุจริต ส12201
A4: เลขที่ | B4: ชื่อ | C4: คะแนนผลการเรียนรู้ ภาคเรียนที่ 1 | N4: ปลายภาค 1 | O4: รวมคะแนน | P4: เลขที่ | Q4: ชื่อ | R4: คะแนนผลการเรียนรู้ ภาคเรียนที่ 2 | AC4: ปลายภาค2 | AD4: รวมคะแนน | AE4: เลขที่ | AF4: ชื่อ | AG4: คะแนนภาคเรียนที่ 1 | AH4: คะแนนภาคเรียนที่ 2 | AI4: รวมคะแนนทั้งปี | AJ4: ผลการเรียน | AK4: ผลการแก้ไข | AL4: หมายเหตุ
B5: หน่วยที่ | M5: รวม | Q5: หน่วยที่ | AB5: รวม | AM5: หน่วยที่ 1 การคิดแยกแยะระหว่างผลประโยชน์ส่วนตนและผลประโยชน์ส่วนรวม
B6: คะแนนเต็ม | C6: 20 | D6: 10 | M6: =SUM(C6:L6) -> 30 | N6: 20 | O6: =SUM(M6:N6) -> 50 | Q6: คะแนนเต็ม | R6: 10 | S6: 10 | T6: 10 | AB6: =SUM(R6:AA6) -> 30 | AC6: 20 | AD6: =SUM(AB6:AC6) -> 50 | AF6: คะแนนเต็ม | AG6: 50 | AH6: 50 | AI6: 100 | AM6: 1. มีความรู้ ความเข้าใจเกี่ยวกับการแยกแยะระหว่างผลประโยชน์ส่วนตนกับผลประโยชน์ส่วนรวม
A7: 1 | B7: ='เวลาเรียน4-16'!B6 -> เด็กชายกฤษดา บัวศรี | C7: 17 | D7: 10 | M7: =SUM(C7:L7) -> 27 | N7: 16 | O7: =SUM(M7:N7) -> 43 | P7: 1 | Q7: =B7 -> เด็กชายกฤษดา บัวศรี | R7: 9 | S7: 8 | T7: 9 | AB7: =SUM(R7:AA7) -> 26 | AC7: 16 | AD7: =SUM(AB7:AC7) -> 42 | AE7: 1 | AF7: ='เวลาเรียน4-16'!B6 -> เด็กชายกฤษดา บัวศรี | AG7: =O7 -> 43 | AH7: =AD7 -> 42 | AI7: =SUM(AG7:AH7) -> 85 | AJ7: =IF(AI7>79,4,IF(AI7>74,3.5,IF(AI7>69,3,IF(AI7>64,2.5,IF(AI7>59,2,IF(AI7>54,1.5,IF(AI7>49,1,IF(AI7<50,0)))))))) -> 4 | AM7: 2. สามารถคิดแยกแยะระหว่างผลประโยชน์ส่วนตนกับผลประโยชน์ส่วนรวมได้
A8: 2 | B8: ='เวลาเรียน4-16'!B7 -> เด็กชายจิรายุ ดอบุตร | C8: 17 | D8: 10 | M8: =SUM(C8:L8) -> 27 | N8: 15 | O8: =SUM(M8:N8) -> 42 | P8: 2 | Q8: =B8 -> เด็กชายจิรายุ ดอบุตร | R8: 7 | S8: 8 | T8: 9 | AB8: =SUM(R8:AA8) -> 24 | AC8: 17 | AD8: =SUM(AB8:AC8) -> 41 | AE8: 2 | AF8: ='เวลาเรียน4-16'!B7 -> เด็กชายจิรายุ ดอบุตร | AG8: =O8 -> 42 | AH8: =AD8 -> 41 | AI8: =SUM(AG8:AH8) -> 83 | AJ8: =IF(AI8>79,4,IF(AI8>74,3.5,IF(AI8>69,3,IF(AI8>64,2.5,IF(AI8>59,2,IF(AI8>54,1.5,IF(AI8>49,1,IF(AI8<50,0)))))))) -> 4 | AM8: หน่วยที่ 2 ความละอายและความไม่ทนต่อการทุจริต
A9: 3 | B9: ='เวลาเรียน4-16'!B8 -> เด็กชายจิรายุ เนตรสว่าง | C9: 17 | D9: 10 | M9: =SUM(C9:L9) -> 27 | N9: 17 | O9: =SUM(M9:N9) -> 44 | P9: 3 | Q9: =B9 -> เด็กชายจิรายุ เนตรสว่าง | R9: 9 | S9: 8 | T9: 9 | AB9: =SUM(R9:AA9) -> 26 | AC9: 18 | AD9: =SUM(AB9:AC9) -> 44 | AE9: 3 | AF9: ='เวลาเรียน4-16'!B8 -> เด็กชายจิรายุ เนตรสว่าง | AG9: =O9 -> 44 | AH9: =AD9 -> 44 | AI9: =SUM(AG9:AH9) -> 88 | AJ9: =IF(AI9>79,4,IF(AI9>74,3.5,IF(AI9>69,3,IF(AI9>64,2.5,IF(AI9>59,2,IF(AI9>54,1.5,IF(AI9>49,1,IF(AI9<50,0)))))))) -> 4 | AM9: 3. มีความรู้ ความเข้าใจเกี่ยวกับความละอายและความไม่ทนต่อการทุจริต
A10: 4 | B10: ='เวลาเรียน4-16'!B9 -> เด็กชายจีรภัทร คันธมาตย์ | C10: 17 | D10: 5 | M10: =SUM(C10:L10) -> 22 | N10: 16 | O10: =SUM(M10:N10) -> 38 | P10: 4 | Q10: =B10 -> เด็กชายจีรภัทร คันธมาตย์ | R10: 8 | S10: 8 | T10: 9 | AB10: =SUM(R10:AA10) -> 25 | AC10: 17 | AD10: =SUM(AB10:AC10) -> 42 | AE10: 4 | AF10: ='เวลาเรียน4-16'!B9 -> เด็กชายจีรภัทร คันธมาตย์ | AG10: =O10 -> 38 | AH10: =AD10 -> 42 | AI10: =SUM(AG10:AH10) -> 80 | AJ10: =IF(AI10>79,4,IF(AI10>74,3.5,IF(AI10>69,3,IF(AI10>64,2.5,IF(AI10>59,2,IF(AI10>54,1.5,IF(AI10>49,1,IF(AI10<50,0)))))))) -> 4 | AM10: 4. ปฏิบัติตนเป็นผู้ละอายและไม่ทนต่อการทุจริตทุกรูปแบบ
A11: 5 | B11: ='เวลาเรียน4-16'!B10 -> เด็กชายปรวัฒน์ โพธิ์ศรี | C11: 17 | D11: 7 | M11: =SUM(C11:L11) -> 24 | N11: 18 | O11: =SUM(M11:N11) -> 42 | P11: 5 | Q11: =B11 -> เด็กชายปรวัฒน์ โพธิ์ศรี | R11: 9 | S11: 8 | T11: 9 | AB11: =SUM(R11:AA11) -> 26 | AC11: 16 | AD11: =SUM(AB11:AC11) -> 42 | AE11: 5 | AF11: ='เวลาเรียน4-16'!B10 -> เด็กชายปรวัฒน์ โพธิ์ศรี | AG11: =O11 -> 42 | AH11: =AD11 -> 42 | AI11: =SUM(AG11:AH11) -> 84 | AJ11: =IF(AI11>79,4,IF(AI11>74,3.5,IF(AI11>69,3,IF(AI11>64,2.5,IF(AI11>59,2,IF(AI11>54,1.5,IF(AI11>49,1,IF(AI11<50,0)))))))) -> 4 | AM11: หน่วยที่ 3 STRONG/จิตพอเพียงต่อต้านการทุจริต
A12: 6 | B12: ='เวลาเรียน4-16'!B11 -> เด็กชายพีรภาพ วงคำใหญ่ | C12: 17 | D12: 10 | M12: =SUM(C12:L12) -> 27 | N12: 17 | O12: =SUM(M12:N12) -> 44 | P12: 6 | Q12: =B12 -> เด็กชายพีรภาพ วงคำใหญ่ | R12: 9 | S12: 9 | T12: 9 | AB12: =SUM(R12:AA12) -> 27 | AC12: 18 | AD12: =SUM(AB12:AC12) -> 45 | AE12: 6 | AF12: ='เวลาเรียน4-16'!B11 -> เด็กชายพีรภาพ วงคำใหญ่ | AG12: =O12 -> 44 | AH12: =AD12 -> 45 | AI12: =SUM(AG12:AH12) -> 89 | AJ12: =IF(AI12>79,4,IF(AI12>74,3.5,IF(AI12>69,3,IF(AI12>64,2.5,IF(AI12>59,2,IF(AI12>54,1.5,IF(AI12>49,1,IF(AI12<50,0)))))))) -> 4 | AM12: 5. ปฏิบัติตนเป็นผู้ที่ STRONG: จิตพอเพียงต่อต้านการทุจริต
A13: 7 | B13: ='เวลาเรียน4-16'!B12 -> เด็กหญิงกมลรัตน์ แสดคง | C13: 17 | D13: 9 | M13: =SUM(C13:L13) -> 26 | N13: 19 | O13: =SUM(M13:N13) -> 45 | P13: 7 | Q13: =B13 -> เด็กหญิงกมลรัตน์ แสดคง | R13: 9 | S13: 8 | T13: 9 | AB13: =SUM(R13:AA13) -> 26 | AC13: 16 | AD13: =SUM(AB13:AC13) -> 42 | AE13: 7 | AF13: ='เวลาเรียน4-16'!B12 -> เด็กหญิงกมลรัตน์ แสดคง | AG13: =O13 -> 45 | AH13: =AD13 -> 42 | AI13: =SUM(AG13:AH13) -> 87 | AJ13: =IF(AI13>79,4,IF(AI13>74,3.5,IF(AI13>69,3,IF(AI13>64,2.5,IF(AI13>59,2,IF(AI13>54,1.5,IF(AI13>49,1,IF(AI13<50,0)))))))) -> 4 | AM13: 6. มีความรู้ ความเข้าใจเกี่ยวกับ STRONG: จิตพอเพียงต่อต้านการทุจริต
A14: 8 | B14: ='เวลาเรียน4-16'!B13 -> เด็กหญิงกัลยรัตน์ ทึงสุข | C14: 17 | D14: 8 | M14: =SUM(C14:L14) -> 25 | N14: 19 | O14: =SUM(M14:N14) -> 44 | P14: 8 | Q14: =B14 -> เด็กหญิงกัลยรัตน์ ทึงสุข | R14: 9 | S14: 9 | T14: 9 | AB14: =SUM(R14:AA14) -> 27 | AC14: 17 | AD14: =SUM(AB14:AC14) -> 44 | AE14: 8 | AF14: ='เวลาเรียน4-16'!B13 -> เด็กหญิงกัลยรัตน์ ทึงสุข | AG14: =O14 -> 44 | AH14: =AD14 -> 44 | AI14: =SUM(AG14:AH14) -> 88 | AJ14: =IF(AI14>79,4,IF(AI14>74,3.5,IF(AI14>69,3,IF(AI14>64,2.5,IF(AI14>59,2,IF(AI14>54,1.5,IF(AI14>49,1,IF(AI14<50,0)))))))) -> 4 | AM14: หน่วยที่ 4 พลเมืองกับความรับผิดชอบต่อสังคม
A15: 9 | B15: ='เวลาเรียน4-16'!B14 -> เด็กหญิงนิตยา พละโท | C15: 17 | D15: 9 | M15: =SUM(C15:L15) -> 26 | N15: 19 | O15: =SUM(M15:N15) -> 45 | P15: 9 | Q15: =B15 -> เด็กหญิงนิตยา พละโท | R15: 9 | S15: 8 | T15: 9 | AB15: =SUM(R15:AA15) -> 26 | AC15: 17 | AD15: =SUM(AB15:AC15) -> 43 | AE15: 9 | AF15: ='เวลาเรียน4-16'!B14 -> เด็กหญิงนิตยา พละโท | AG15: =O15 -> 45 | AH15: =AD15 -> 43 | AI15: =SUM(AG15:AH15) -> 88 | AJ15: =IF(AI15>79,4,IF(AI15>74,3.5,IF(AI15>69,3,IF(AI15>64,2.5,IF(AI15>59,2,IF(AI15>54,1.5,IF(AI15>49,1,IF(AI15<50,0)))))))) -> 4 | AM15: 7. มีความรู้ ความเข้าใจเกี่ยวกับพลเมืองและมีความรับผิดชอบต่อสังคม
A16: 10 | B16: ='เวลาเรียน4-16'!B15 -> เด็กหญิงบัณฑิตา เบ้าพงษ์ | C16: 17 | D16: 8 | M16: =SUM(C16:L16) -> 25 | N16: 19 | O16: =SUM(M16:N16) -> 44 | P16: 10 | Q16: =B16 -> เด็กหญิงบัณฑิตา เบ้าพงษ์ | R16: 9 | S16: 8 | T16: 9 | AB16: =SUM(R16:AA16) -> 26 | AC16: 15 | AD16: =SUM(AB16:AC16) -> 41 | AE16: 10 | AF16: ='เวลาเรียน4-16'!B15 -> เด็กหญิงบัณฑิตา เบ้าพงษ์ | AG16: =O16 -> 44 | AH16: =AD16 -> 41 | AI16: =SUM(AG16:AH16) -> 85 | AJ16: =IF(AI16>79,4,IF(AI16>74,3.5,IF(AI16>69,3,IF(AI16>64,2.5,IF(AI16>59,2,IF(AI16>54,1.5,IF(AI16>49,1,IF(AI16<50,0)))))))) -> 4 | AM16: 8. ปฏิบัติตนตามหน้าที่พลเมืองและมีความรับผิดชอบต่อสังคม
A17: 11 | B17: ='เวลาเรียน4-16'!B16 -> เด็กหญิงพัชรกัญญ์ บาลนาคม | C17: 17 | D17: 9 | M17: =SUM(C17:L17) -> 26 | N17: 17 | O17: =SUM(M17:N17) -> 43 | P17: 11 | Q17: =B17 -> เด็กหญิงพัชรกัญญ์ บาลนาคม | R17: 9 | S17: 8 | T17: 9 | AB17: =SUM(R17:AA17) -> 26 | AC17: 17 | AD17: =SUM(AB17:AC17) -> 43 | AE17: 11 | AF17: ='เวลาเรียน4-16'!B16 -> เด็กหญิงพัชรกัญญ์ บาลนาคม | AG17: =O17 -> 43 | AH17: =AD17 -> 43 | AI17: =SUM(AG17:AH17) -> 86 | AJ17: =IF(AI17>79,4,IF(AI17>74,3.5,IF(AI17>69,3,IF(AI17>64,2.5,IF(AI17>59,2,IF(AI17>54,1.5,IF(AI17>49,1,IF(AI17<50,0)))))))) -> 4 | AM17: 9. ตระหนักและเห็นความสำคัญของการต่อต้านและป้องกันการทุจริต
A18: 12 | B18: ='เวลาเรียน4-16'!B17 -> เด็กหญิงสุวิชาดา ชูจิตร | C18: 17 | D18: 9 | M18: =SUM(C18:L18) -> 26 | N18: 20 | O18: =SUM(M18:N18) -> 46 | P18: 12 | Q18: =B18 -> เด็กหญิงสุวิชาดา ชูจิตร | R18: 9 | S18: 8 | T18: 9 | AB18: =SUM(R18:AA18) -> 26 | AC18: 17 | AD18: =SUM(AB18:AC18) -> 43 | AE18: 12 | AF18: ='เวลาเรียน4-16'!B17 -> เด็กหญิงสุวิชาดา ชูจิตร | AG18: =O18 -> 46 | AH18: =AD18 -> 43 | AI18: =SUM(AG18:AH18) -> 89 | AJ18: =IF(AI18>79,4,IF(AI18>74,3.5,IF(AI18>69,3,IF(AI18>64,2.5,IF(AI18>59,2,IF(AI18>54,1.5,IF(AI18>49,1,IF(AI18<50,0)))))))) -> 4
A19: 13 | B19: ='เวลาเรียน4-16'!B18 -> เด็กหญิงปุญญิศา อุปทุม | C19: 17 | D19: 8 | M19: =SUM(C19:L19) -> 25 | N19: 18 | O19: =SUM(M19:N19) -> 43 | P19: 13 | Q19: =B19 -> เด็กหญิงปุญญิศา อุปทุม | R19: 9 | S19: 8 | T19: 9 | AB19: =SUM(R19:AA19) -> 26 | AC19: 16 | AD19: =SUM(AB19:AC19) -> 42 | AE19: 13 | AF19: ='เวลาเรียน4-16'!B18 -> เด็กหญิงปุญญิศา อุปทุม | AG19: =O19 -> 43 | AH19: =AD19 -> 42 | AI19: =SUM(AG19:AH19) -> 85 | AJ19: =IF(AI19>79,4,IF(AI19>74,3.5,IF(AI19>69,3,IF(AI19>64,2.5,IF(AI19>59,2,IF(AI19>54,1.5,IF(AI19>49,1,IF(AI19<50,0)))))))) -> 4

Sheet ดนตรี
O1: 53 | AD1: 54 | AL1: 55 | AU1: 56
A2: การวัดผลกลางปี | P2: การวัดผลปลายปี | AE2: ผลการประเมินการเรียนรู้ ปีการศึกษา 2567 | AM2: มาตรฐานและตัวชี้วัด /ผลการเรียนรู้
A3: รายวิชา การป้องกันการทุจริต (ส16201) | P3: =A3 -> รายวิชา การป้องกันการทุจริต (ส16201) | AE3: =A3 -> รายวิชา การป้องกันการทุจริต (ส16201) | AM3: รายวิชา การป้องกันการทุจริต ส12201
A4: เลขที่ | B4: ชื่อ | C4: คะแนนผลการเรียนรู้ ภาคเรียนที่ 1 | N4: ปลายภาค 1 | O4: รวมคะแนน | P4: เลขที่ | Q4: ชื่อ | R4: คะแนนผลการเรียนรู้ ภาคเรียนที่ 2 | AC4: ปลายภาค2 | AD4: รวมคะแนน | AE4: เลขที่ | AF4: ชื่อ | AG4: คะแนนภาคเรียนที่ 1 | AH4: คะแนนภาคเรียนที่ 2 | AI4: รวมคะแนนทั้งปี | AJ4: ผลการเรียน | AK4: ผลการแก้ไข | AL4: หมายเหตุ
B5: หน่วยที่ | M5: รวม | Q5: หน่วยที่ | AB5: รวม | AM5: หน่วยที่ 1 การคิดแยกแยะระหว่างผลประโยชน์ส่วนตนและผลประโยชน์ส่วนรวม
B6: คะแนนเต็ม | C6: 30 | M6: =SUM(C6:L6) -> 30 | N6: 20 | O6: =SUM(M6:N6) -> 50 | Q6: คะแนนเต็ม | R6: 30 | AB6: =SUM(R6:AA6) -> 30 | AC6: 20 | AD6: =SUM(AB6:AC6) -> 50 | AF6: คะแนนเต็ม | AG6: 50 | AH6: 50 | AI6: 100 | AM6: 1. มีความรู้ ความเข้าใจเกี่ยวกับการแยกแยะระหว่างผลประโยชน์ส่วนตนกับผลประโยชน์ส่วนรวม
A7: 1 | B7: ='เวลาเรียน4-16'!B6 -> เด็กชายกฤษดา บัวศรี | C7: 30 | M7: =SUM(C7:L7) -> 30 | N7: 16 | O7: =SUM(M7:N7) -> 46 | P7: 1 | Q7: =B7 -> เด็กชายกฤษดา บัวศรี | R7: 30 | AB7: =SUM(R7:AA7) -> 30 | AC7: 15 | AD7: =SUM(AB7:AC7) -> 45 | AE7: 1 | AF7: ='เวลาเรียน4-16'!B6 -> เด็กชายกฤษดา บัวศรี | AG7: =O7 -> 46 | AH7: =AD7 -> 45 | AI7: =SUM(AG7:AH7) -> 91 | AJ7: =IF(AI7>79,4,IF(AI7>74,3.5,IF(AI7>69,3,IF(AI7>64,2.5,IF(AI7>59,2,IF(AI7>54,1.5,IF(AI7>49,1,IF(AI7<50,0)))))))) -> 4 | AM7: 2. สามารถคิดแยกแยะระหว่างผลประโยชน์ส่วนตนกับผลประโยชน์ส่วนรวมได้
A8: 2 | B8: ='เวลาเรียน4-16'!B7 -> เด็กชายจิรายุ ดอบุตร | C8: 30 | M8: =SUM(C8:L8) -> 30 | N8: 10 | O8: =SUM(M8:N8) -> 40 | P8: 2 | Q8: =B8 -> เด็กชายจิรายุ ดอบุตร | R8: 30 | AB8: =SUM(R8:AA8) -> 30 | AC8: 11 | AD8: =SUM(AB8:AC8) -> 41 | AE8: 2 | AF8: ='เวลาเรียน4-16'!B7 -> เด็กชายจิรายุ ดอบุตร | AG8: =O8 -> 40 | AH8: =AD8 -> 41 | AI8: =SUM(AG8:AH8) -> 81 | AJ8: =IF(AI8>79,4,IF(AI8>74,3.5,IF(AI8>69,3,IF(AI8>64,2.5,IF(AI8>59,2,IF(AI8>54,1.5,IF(AI8>49,1,IF(AI8<50,0)))))))) -> 4 | AM8: หน่วยที่ 2 ความละอายและความไม่ทนต่อการทุจริต
A9: 3 | B9: ='เวลาเรียน4-16'!B8 -> เด็กชายจิรายุ เนตรสว่าง | C9: 30 | M9: =SUM(C9:L9) -> 30 | N9: 12 | O9: =SUM(M9:N9) -> 42 | P9: 3 | Q9: =B9 -> เด็กชายจิรายุ เนตรสว่าง | R9: 30 | AB9: =SUM(R9:AA9) -> 30 | AC9: 9 | AD9: =SUM(AB9:AC9) -> 39 | AE9: 3 | AF9: ='เวลาเรียน4-16'!B8 -> เด็กชายจิรายุ เนตรสว่าง | AG9: =O9 -> 42 | AH9: =AD9 -> 39 | AI9: =SUM(AG9:AH9) -> 81 | AJ9: =IF(AI9>79,4,IF(AI9>74,3.5,IF(AI9>69,3,IF(AI9>64,2.5,IF(AI9>59,2,IF(AI9>54,1.5,IF(AI9>49,1,IF(AI9<50,0)))))))) -> 4 | AM9: 3. มีความรู้ ความเข้าใจเกี่ยวกับความละอายและความไม่ทนต่อการทุจริต
A10: 4 | B10: ='เวลาเรียน4-16'!B9 -> เด็กชายจีรภัทร คันธมาตย์ | C10: 30 | M10: =SUM(C10:L10) -> 30 | N10: 14 | O10: =SUM(M10:N10) -> 44 | P10: 4 | Q10: =B10 -> เด็กชายจีรภัทร คันธมาตย์ | R10: 30 | AB10: =SUM(R10:AA10) -> 30 | AC10: 12 | AD10: =SUM(AB10:AC10) -> 42 | AE10: 4 | AF10: ='เวลาเรียน4-16'!B9 -> เด็กชายจีรภัทร คันธมาตย์ | AG10: =O10 -> 44 | AH10: =AD10 -> 42 | AI10: =SUM(AG10:AH10) -> 86 | AJ10: =IF(AI10>79,4,IF(AI10>74,3.5,IF(AI10>69,3,IF(AI10>64,2.5,IF(AI10>59,2,IF(AI10>54,1.5,IF(AI10>49,1,IF(AI10<50,0)))))))) -> 4 | AM10: 4. ปฏิบัติตนเป็นผู้ละอายและไม่ทนต่อการทุจริตทุกรูปแบบ
A11: 5 | B11: ='เวลาเรียน4-16'!B10 -> เด็กชายปรวัฒน์ โพธิ์ศรี | C11: 30 | M11: =SUM(C11:L11) -> 30 | N11: 16 | O11: =SUM(M11:N11) -> 46 | P11: 5 | Q11: =B11 -> เด็กชายปรวัฒน์ โพธิ์ศรี | R11: 30 | AB11: =SUM(R11:AA11) -> 30 | AC11: 16 | AD11: =SUM(AB11:AC11) -> 46 | AE11: 5 | AF11: ='เวลาเรียน4-16'!B10 -> เด็กชายปรวัฒน์ โพธิ์ศรี | AG11: =O11 -> 46 | AH11: =AD11 -> 46 | AI11: =SUM(AG11:AH11) -> 92 | AJ11: =IF(AI11>79,4,IF(AI11>74,3.5,IF(AI11>69,3,IF(AI11>64,2.5,IF(AI11>59,2,IF(AI11>54,1.5,IF(AI11>49,1,IF(AI11<50,0)))))))) -> 4 | AM11: หน่วยที่ 3 STRONG/จิตพอเพียงต่อต้านการทุจริต
A12: 6 | B12: ='เวลาเรียน4-16'!B11 -> เด็กชายพีรภาพ วงคำใหญ่ | C12: 30 | M12: =SUM(C12:L12) -> 30 | N12: 15 | O12: =SUM(M12:N12) -> 45 | P12: 6 | Q12: =B12 -> เด็กชายพีรภาพ วงคำใหญ่ | R12: 30 | AB12: =SUM(R12:AA12) -> 30 | AC12: 16 | AD12: =SUM(AB12:AC12) -> 46 | AE12: 6 | AF12: ='เวลาเรียน4-16'!B11 -> เด็กชายพีรภาพ วงคำใหญ่ | AG12: =O12 -> 45 | AH12: =AD12 -> 46 | AI12: =SUM(AG12:AH12) -> 91 | AJ12: =IF(AI12>79,4,IF(AI12>74,3.5,IF(AI12>69,3,IF(AI12>64,2.5,IF(AI12>59,2,IF(AI12>54,1.5,IF(AI12>49,1,IF(AI12<50,0)))))))) -> 4 | AM12: 5. ปฏิบัติตนเป็นผู้ที่ STRONG: จิตพอเพียงต่อต้านการทุจริต
A13: 7 | B13: ='เวลาเรียน4-16'!B12 -> เด็กหญิงกมลรัตน์ แสดคง | C13: 30 | M13: =SUM(C13:L13) -> 30 | N13: 13 | O13: =SUM(M13:N13) -> 43 | P13: 7 | Q13: =B13 -> เด็กหญิงกมลรัตน์ แสดคง | R13: 30 | AB13: =SUM(R13:AA13) -> 30 | AC13: 15 | AD13: =SUM(AB13:AC13) -> 45 | AE13: 7 | AF13: ='เวลาเรียน4-16'!B12 -> เด็กหญิงกมลรัตน์ แสดคง | AG13: =O13 -> 43 | AH13: =AD13 -> 45 | AI13: =SUM(AG13:AH13) -> 88 | AJ13: =IF(AI13>79,4,IF(AI13>74,3.5,IF(AI13>69,3,IF(AI13>64,2.5,IF(AI13>59,2,IF(AI13>54,1.5,IF(AI13>49,1,IF(AI13<50,0)))))))) -> 4 | AM13: 6. มีความรู้ ความเข้าใจเกี่ยวกับ STRONG: จิตพอเพียงต่อต้านการทุจริต
A14: 8 | B14: ='เวลาเรียน4-16'!B13 -> เด็กหญิงกัลยรัตน์ ทึงสุข | C14: 30 | M14: =SUM(C14:L14) -> 30 | N14: 12 | O14: =SUM(M14:N14) -> 42 | P14: 8 | Q14: =B14 -> เด็กหญิงกัลยรัตน์ ทึงสุข | R14: 30 | AB14: =SUM(R14:AA14) -> 30 | AC14: 13 | AD14: =SUM(AB14:AC14) -> 43 | AE14: 8 | AF14: ='เวลาเรียน4-16'!B13 -> เด็กหญิงกัลยรัตน์ ทึงสุข | AG14: =O14 -> 42 | AH14: =AD14 -> 43 | AI14: =SUM(AG14:AH14) -> 85 | AJ14: =IF(AI14>79,4,IF(AI14>74,3.5,IF(AI14>69,3,IF(AI14>64,2.5,IF(AI14>59,2,IF(AI14>54,1.5,IF(AI14>49,1,IF(AI14<50,0)))))))) -> 4 | AM14: หน่วยที่ 4 พลเมืองกับความรับผิดชอบต่อสังคม
A15: 9 | B15: ='เวลาเรียน4-16'!B14 -> เด็กหญิงนิตยา พละโท | C15: 30 | M15: =SUM(C15:L15) -> 30 | N15: 15 | O15: =SUM(M15:N15) -> 45 | P15: 9 | Q15: =B15 -> เด็กหญิงนิตยา พละโท | R15: 30 | AB15: =SUM(R15:AA15) -> 30 | AC15: 16 | AD15: =SUM(AB15:AC15) -> 46 | AE15: 9 | AF15: ='เวลาเรียน4-16'!B14 -> เด็กหญิงนิตยา พละโท | AG15: =O15 -> 45 | AH15: =AD15 -> 46 | AI15: =SUM(AG15:AH15) -> 91 | AJ15: =IF(AI15>79,4,IF(AI15>74,3.5,IF(AI15>69,3,IF(AI15>64,2.5,IF(AI15>59,2,IF(AI15>54,1.5,IF(AI15>49,1,IF(AI15<50,0)))))))) -> 4 | AM15: 7. มีความรู้ ความเข้าใจเกี่ยวกับพลเมืองและมีความรับผิดชอบต่อสังคม
A16: 10 | B16: ='เวลาเรียน4-16'!B15 -> เด็กหญิงบัณฑิตา เบ้าพงษ์ | C16: 30 | M16: =SUM(C16:L16) -> 30 | N16: 11 | O16: =SUM(M16:N16) -> 41 | P16: 10 | Q16: =B16 -> เด็กหญิงบัณฑิตา เบ้าพงษ์ | R16: 30 | AB16: =SUM(R16:AA16) -> 30 | AC16: 13 | AD16: =SUM(AB16:AC16) -> 43 | AE16: 10 | AF16: ='เวลาเรียน4-16'!B15 -> เด็กหญิงบัณฑิตา เบ้าพงษ์ | AG16: =O16 -> 41 | AH16: =AD16 -> 43 | AI16: =SUM(AG16:AH16) -> 84 | AJ16: =IF(AI16>79,4,IF(AI16>74,3.5,IF(AI16>69,3,IF(AI16>64,2.5,IF(AI16>59,2,IF(AI16>54,1.5,IF(AI16>49,1,IF(AI16<50,0)))))))) -> 4 | AM16: 8. ปฏิบัติตนตามหน้าที่พลเมืองและมีความรับผิดชอบต่อสังคม
A17: 11 | B17: ='เวลาเรียน4-16'!B16 -> เด็กหญิงพัชรกัญญ์ บาลนาคม | C17: 30 | M17: =SUM(C17:L17) -> 30 | N17: 16 | O17: =SUM(M17:N17) -> 46 | P17: 11 | Q17: =B17 -> เด็กหญิงพัชรกัญญ์ บาลนาคม | R17: 30 | AB17: =SUM(R17:AA17) -> 30 | AC17: 13 | AD17: =SUM(AB17:AC17) -> 43 | AE17: 11 | AF17: ='เวลาเรียน4-16'!B16 -> เด็กหญิงพัชรกัญญ์ บาลนาคม | AG17: =O17 -> 46 | AH17: =AD17 -> 43 | AI17: =SUM(AG17:AH17) -> 89 | AJ17: =IF(AI17>79,4,IF(AI17>74,3.5,IF(AI17>69,3,IF(AI17>64,2.5,IF(AI17>59,2,IF(AI17>54,1.5,IF(AI17>49,1,IF(AI17<50,0)))))))) -> 4 | AM17: 9. ตระหนักและเห็นความสำคัญของการต่อต้านและป้องกันการทุจริต
A18: 12 | B18: ='เวลาเรียน4-16'!B17 -> เด็กหญิงสุวิชาดา ชูจิตร | C18: 30 | M18: =SUM(C18:L18) -> 30 | N18: 10 | O18: =SUM(M18:N18) -> 40 | P18: 12 | Q18: =B18 -> เด็กหญิงสุวิชาดา ชูจิตร | R18: 30 | AB18: =SUM(R18:AA18) -> 30 | AC18: 10 | AD18: =SUM(AB18:AC18) -> 40 | AE18: 12 | AF18: ='เวลาเรียน4-16'!B17 -> เด็กหญิงสุวิชาดา ชูจิตร | AG18: =O18 -> 40 | AH18: =AD18 -> 40 | AI18: =SUM(AG18:AH18) -> 80 | AJ18: =IF(AI18>79,4,IF(AI18>74,3.5,IF(AI18>69,3,IF(AI18>64,2.5,IF(AI18>59,2,IF(AI18>54,1.5,IF(AI18>49,1,IF(AI18<50,0)))))))) -> 4
A19: 13 | B19: ='เวลาเรียน4-16'!B18 -> เด็กหญิงปุญญิศา อุปทุม | C19: 30 | M19: =SUM(C19:L19) -> 30 | N19: 13 | O19: =SUM(M19:N19) -> 43 | P19: 13 | Q19: =B19 -> เด็กหญิงปุญญิศา อุปทุม | R19: 30 | AB19: =SUM(R19:AA19) -> 30 | AC19: 15 | AD19: =SUM(AB19:AC19) -> 45 | AE19: 13 | AF19: ='เวลาเรียน4-16'!B18 -> เด็กหญิงปุญญิศา อุปทุม | AG19: =O19 -> 43 | AH19: =AD19 -> 45 | AI19: =SUM(AG19:AH19) -> 88 | AJ19: =IF(AI19>79,4,IF(AI19>74,3.5,IF(AI19>69,3,IF(AI19>64,2.5,IF(AI19>59,2,IF(AI19>54,1.5,IF(AI19>49,1,IF(AI19<50,0)))))))) -> 4

Sheet คุณลักษณะ อ่านฯ57
S1: 57
A2: ผลการประเมินคุณภาพผู้เรียน | C2: คุณลักษณะอันพึงประสงค์ | M2: การอ่าน การคิดวิเคราะห์ และเขียนสื่อความ | T2: เลขที่ | U2: หน่วย | V2: สมรรถนะสำคัญของผู้เรียน
A3: เลขที่ | B3: หน่วย | C3: 1. รักชาติศาสน์กษัตริย์ | D3: 2.ซื่อสัตย์สุจริต | E3: 3. วินัย | F3: 4.ใฝ่เรียนรู้ | G3: 5.อยู่อย่างพอเพียง | H3: 6.มุ่งมั่นทำงาน | I3: 7. รักความเป็นไทย | J3: 8.มีจิตสาธารณะ | K3: สรุปผลรวม | L3: หมายเหตุ | M3: 1. การคัดสรรสื่อ | N3: 2. จับประเด็นสำคัญ | O3: 3. วิเคราะห์ วิจารณ์ | P3: 4. สรุปคุณค่า แง่คิดที่ดี | Q3: 5. สรุปอภิปรายขยายความ | R3: สรุปผลรวม | S3: หมายเหตุ | V3: สื่อสาร | W3: คิด | X3: แก้ปัญหา | Y3: ทักษะชีวิต | Z3: เทคโนโลยี | AA3: รวม
B4: ชื่อ-สกุล | C4: 3 | D4: 3 | E4: 3 | F4: 3 | G4: 3 | H4: 3 | I4: 3 | J4: 3 | K4: 3 | M4: 3 | N4: 3 | O4: 3 | P4: 3 | Q4: 3 | R4: 3 | U4: =B4 -> ชื่อ-สกุล | V4: 10 | W4: 10 | X4: 10 | Y4: 10 | Z4: 10 | AA4: =SUM(V4:Z4) -> 50
A5: 1 | B5: ='เวลาเรียน4-16'!B6 -> เด็กชายกฤษดา บัวศรี | C5: 3 | D5: 3 | E5: 2 | F5: 2 | G5: 3 | H5: =G5 -> 3 | I5: =H5 -> 3 | J5: =I5 -> 3 | K5: =MODE(C5:J5) -> 3 | M5: 2 | N5: 2 | O5: 2 | P5: 2 | Q5: 2 | R5: =MODE(M5:Q5) -> 2 | T5: =A5 -> 1 | U5: =B5 -> เด็กชายกฤษดา บัวศรี | V5: 8 | W5: 8 | X5: 8 | Y5: 9 | Z5: 9 | AA5: =SUM(V5:Z5) -> 42
A6: 2 | B6: ='เวลาเรียน4-16'!B7 -> เด็กชายจิรายุ ดอบุตร | C6: 3 | D6: 3 | E6: =D6 -> 3 | F6: 2 | G6: 3 | H6: =G6 -> 3 | I6: =H6 -> 3 | J6: =I6 -> 3 | K6: =MODE(C6:J6) -> 3 | M6: 2 | N6: 2 | O6: 2 | P6: 2 | Q6: 2 | R6: =MODE(M6:Q6) -> 2 | T6: =A6 -> 2 | U6: =B6 -> เด็กชายจิรายุ ดอบุตร | V6: 9 | W6: 8 | X6: 9 | Y6: 10 | Z6: 10 | AA6: =SUM(V6:Z6) -> 46
A7: 3 | B7: ='เวลาเรียน4-16'!B8 -> เด็กชายจิรายุ เนตรสว่าง | C7: 3 | D7: 3 | E7: =D7 -> 3 | F7: =E7 -> 3 | G7: =F7 -> 3 | H7: =G7 -> 3 | I7: =H7 -> 3 | J7: =I7 -> 3 | K7: =MODE(C7:J7) -> 3 | M7: 3 | N7: 3 | O7: 3 | P7: 3 | Q7: 3 | R7: =MODE(M7:Q7) -> 3 | T7: =A7 -> 3 | U7: =B7 -> เด็กชายจิรายุ เนตรสว่าง | V7: 8 | W7: 8 | X7: 8 | Y7: 10 | Z7: 10 | AA7: =SUM(V7:Z7) -> 44
A8: 4 | B8: ='เวลาเรียน4-16'!B9 -> เด็กชายจีรภัทร คันธมาตย์ | C8: 3 | D8: =C8 -> 3 | E8: =D8 -> 3 | F8: =E8 -> 3 | G8: =F8 -> 3 | H8: =G8 -> 3 | I8: =H8 -> 3 | J8: =I8 -> 3 | K8: =MODE(C8:J8) -> 3 | M8: 3 | N8: 3 | O8: 2 | P8: 3 | Q8: 3 | R8: =MODE(M8:Q8) -> 3 | T8: =A8 -> 4 | U8: =B8 -> เด็กชายจีรภัทร คันธมาตย์ | V8: 10 | W8: 10 | X8: 10 | Y8: 10 | Z8: 10 | AA8: =SUM(V8:Z8) -> 50
A9: 5 | B9: ='เวลาเรียน4-16'!B10 -> เด็กชายปรวัฒน์ โพธิ์ศรี | C9: 3 | D9: =C9 -> 3 | E9: =D9 -> 3 | F9: =E9 -> 3 | G9: =F9 -> 3 | H9: =G9 -> 3 | I9: =H9 -> 3 | J9: =I9 -> 3 | K9: =MODE(C9:J9) -> 3 | M9: 3 | N9: 3 | O9: 3 | P9: 3 | Q9: 3 | R9: =MODE(M9:Q9) -> 3 | T9: =A9 -> 5 | U9: =B9 -> เด็กชายปรวัฒน์ โพธิ์ศรี | V9: 10 | W9: 8 | X9: 10 | Y9: 10 | Z9: 10 | AA9: =SUM(V9:Z9) -> 48
A10: 6 | B10: ='เวลาเรียน4-16'!B11 -> เด็กชายพีรภาพ วงคำใหญ่ | C10: 3 | D10: 3 | E10: 3 | F10: 3 | G10: 3 | H10: 3 | I10: 3 | J10: 3 | K10: =MODE(C10:J10) -> 3 | M10: 3 | N10: 3 | O10: 3 | P10: 3 | Q10: 3 | R10: =MODE(M10:Q10) -> 3 | T10: =A10 -> 6 | U10: =B10 -> เด็กชายพีรภาพ วงคำใหญ่ | V10: 10 | W10: 10 | X10: 10 | Y10: 10 | Z10: 10 | AA10: =SUM(V10:Z10) -> 50
A11: 7 | B11: ='เวลาเรียน4-16'!B12 -> เด็กหญิงกมลรัตน์ แสดคง | C11: 3 | D11: 3 | E11: 3 | F11: 3 | G11: 3 | H11: 3 | I11: 3 | J11: 3 | K11: =MODE(C11:J11) -> 3 | M11: 3 | N11: 3 | O11: 3 | P11: 3 | Q11: 3 | R11: =MODE(M11:Q11) -> 3 | T11: =A11 -> 7 | U11: =B11 -> เด็กหญิงกมลรัตน์ แสดคง | V11: 10 | W11: 10 | X11: 10 | Y11: 10 | Z11: 10 | AA11: =SUM(V11:Z11) -> 50
A12: 8 | B12: ='เวลาเรียน4-16'!B13 -> เด็กหญิงกัลยรัตน์ ทึงสุข | C12: 3 | D12: 3 | E12: 3 | F12: 3 | G12: 3 | H12: 3 | I12: 3 | J12: 3 | K12: =MODE(C12:J12) -> 3 | M12: 3 | N12: 3 | O12: 3 | P12: 3 | Q12: 3 | R12: =MODE(M12:Q12) -> 3 | T12: =A12 -> 8 | U12: =B12 -> เด็กหญิงกัลยรัตน์ ทึงสุข | V12: 10 | W12: 10 | X12: 10 | Y12: 10 | Z12: 10 | AA12: =SUM(V12:Z12) -> 50
A13: 9 | B13: ='เวลาเรียน4-16'!B14 -> เด็กหญิงนิตยา พละโท | C13: 3 | D13: 3 | E13: 3 | F13: 3 | G13: 3 | H13: 3 | I13: 3 | J13: 3 | K13: =MODE(C13:J13) -> 3 | M13: 3 | N13: 3 | O13: 3 | P13: 3 | Q13: 3 | R13: =MODE(M13:Q13) -> 3 | T13: =A13 -> 9 | U13: =B13 -> เด็กหญิงนิตยา พละโท | V13: 10 | W13: 10 | X13: 10 | Y13: 10 | Z13: 10 | AA13: =SUM(V13:Z13) -> 50
A14: 10 | B14: ='เวลาเรียน4-16'!B15 -> เด็กหญิงบัณฑิตา เบ้าพงษ์ | C14: 3 | D14: 3 | E14: 3 | F14: 3 | G14: 3 | H14: 3 | I14: 3 | J14: 3 | K14: =MODE(C14:J14) -> 3 | M14: 3 | N14: 3 | O14: 3 | P14: 3 | Q14: 3 | R14: =MODE(M14:Q14) -> 3 | T14: =A14 -> 10 | U14: =B14 -> เด็กหญิงบัณฑิตา เบ้าพงษ์ | V14: 10 | W14: 10 | X14: 10 | Y14: 10 | Z14: 10 | AA14: =SUM(V14:Z14) -> 50
A15: 11 | B15: ='เวลาเรียน4-16'!B16 -> เด็กหญิงพัชรกัญญ์ บาลนาคม | C15: 3 | D15: 3 | E15: 3 | F15: 3 | G15: 3 | H15: 3 | I15: 3 | J15: 3 | K15: =MODE(C15:J15) -> 3 | M15: 3 | N15: 3 | O15: 3 | P15: 3 | Q15: 3 | R15: =MODE(M15:Q15) -> 3 | T15: =A15 -> 11 | U15: =B15 -> เด็กหญิงพัชรกัญญ์ บาลนาคม | V15: 10 | W15: 10 | X15: 10 | Y15: 10 | Z15: 10 | AA15: =SUM(V15:Z15) -> 50
A16: 12 | B16: ='เวลาเรียน4-16'!B17 -> เด็กหญิงสุวิชาดา ชูจิตร | C16: 3 | D16: 3 | E16: 3 | F16: 3 | G16: 3 | H16: 3 | I16: 3 | J16: 3 | K16: =MODE(C16:J16) -> 3 | M16: 3 | N16: 3 | O16: 3 | P16: 3 | Q16: 3 | R16: =MODE(M16:Q16) -> 3 | T16: =A16 -> 12 | U16: =B16 -> เด็กหญิงสุวิชาดา ชูจิตร | V16: 10 | W16: 10 | X16: 10 | Y16: 10 | Z16: 10 | AA16: =SUM(V16:Z16) -> 50
A17: 13 | B17: ='เวลาเรียน4-16'!B18 -> เด็กหญิงปุญญิศา อุปทุม | C17: 3 | D17: 3 | E17: 3 | F17: 3 | G17: 3 | H17: 3 | I17: 3 | J17: 3 | K17: =MODE(C17:J17) -> 3 | M17: 3 | N17: 3 | O17: 3 | P17: 3 | Q17: 3 | R17: =MODE(M17:Q17) -> 3 | T17: 13 | U17: =B17 -> เด็กหญิงปุญญิศา อุปทุม | V17: 10 | W17: 10 | X17: 10 | Y17: 10 | Z17: 10 | AA17: =SUM(V17:Z17) -> 50

Sheet พัฒนาผู้เรียน58
N1: 58
A2: ผลการประเมินคุณภาพผู้เรียน | C2: ลูกเสือ-เนตรนารี | I2: เพื่อสังคมฯ | O2: ที่ | P2: ชื่อ-สกุล | Q2: กิจกรรมชุมนุม | R2: กิจกรรมเพื่อสังคม
A3: เลขที่ | B3: กิจกรรมพัฒนาผู้เรียน | C3: ภาคเรียนที่ 1 | E3: ภาคเรียนที่ 2 | G3: สรุป | I3: ภาคเรียนที่ 1 | K3: ภาคเรียนที่ 2 | M3: สรุป
B4: ชื่อ-สกุล | C4: ผ่าน | D4: ไม่ผ่าน | E4: ผ่าน | F4: ไม่ผ่าน | G4: ผ่าน | H4: ไม่ผ่าน | I4: ผ่าน | J4: ไม่ผ่าน | K4: ผ่าน | L4: ไม่ผ่าน | M4: ผ่าน | N4: ไม่ผ่าน
A5: 1 | B5: ='เวลาเรียน4-16'!B6 -> เด็กชายกฤษดา บัวศรี | C5: ผ่าน | E5: ผ่าน | G5: ผ่าน | I5: ผ่าน | K5: ผ่าน | M5: ผ่าน | O5: =A5 -> 1 | P5: =B5 -> เด็กชายกฤษดา บัวศรี | Q5: สิ่งแวดล้อม | R5: จิตอาสา
A6: 2 | B6: ='เวลาเรียน4-16'!B7 -> เด็กชายจิรายุ ดอบุตร | C6: ผ่าน | E6: ผ่าน | G6: ผ่าน | I6: ผ่าน | K6: ผ่าน | M6: ผ่าน | O6: =A6 -> 2 | P6: =B6 -> เด็กชายจิรายุ ดอบุตร | Q6: สิ่งแวดล้อม | R6: จิตอาสา
A7: 3 | B7: ='เวลาเรียน4-16'!B8 -> เด็กชายจิรายุ เนตรสว่าง | C7: ผ่าน | E7: ผ่าน | G7: ผ่าน | I7: ผ่าน | K7: ผ่าน | M7: ผ่าน | O7: =A7 -> 3 | P7: =B7 -> เด็กชายจิรายุ เนตรสว่าง | Q7: สิ่งแวดล้อม | R7: จิตอาสา
A8: 4 | B8: ='เวลาเรียน4-16'!B9 -> เด็กชายจีรภัทร คันธมาตย์ | C8: ผ่าน | E8: ผ่าน | G8: ผ่าน | I8: ผ่าน | K8: ผ่าน | M8: ผ่าน | O8: =A8 -> 4 | P8: =B8 -> เด็กชายจีรภัทร คันธมาตย์ | Q8: สิ่งแวดล้อม | R8: จิตอาสา
A9: 5 | B9: ='เวลาเรียน4-16'!B10 -> เด็กชายปรวัฒน์ โพธิ์ศรี | C9: ผ่าน | E9: ผ่าน | G9: ผ่าน | I9: ผ่าน | K9: ผ่าน | M9: ผ่าน | O9: =A9 -> 5 | P9: =B9 -> เด็กชายปรวัฒน์ โพธิ์ศรี | Q9: สิ่งแวดล้อม | R9: จิตอาสา
A10: 6 | B10: ='เวลาเรียน4-16'!B11 -> เด็กชายพีรภาพ วงคำใหญ่ | C10: ผ่าน | E10: ผ่าน | G10: ผ่าน | I10: ผ่าน | K10: ผ่าน | M10: ผ่าน | O10: =A10 -> 6 | P10: =B10 -> เด็กชายพีรภาพ วงคำใหญ่ | Q10: สิ่งแวดล้อม | R10: จิตอาสา
A11: 7 | B11: ='เวลาเรียน4-16'!B12 -> เด็กหญิงกมลรัตน์ แสดคง | C11: ผ่าน | E11: ผ่าน | G11: ผ่าน | I11: ผ่าน | K11: ผ่าน | M11: ผ่าน | O11: =A11 -> 7 | P11: =B11 -> เด็กหญิงกมลรัตน์ แสดคง | Q11: สิ่งแวดล้อม | R11: จิตอาสา
A12: 8 | B12: ='เวลาเรียน4-16'!B13 -> เด็กหญิงกัลยรัตน์ ทึงสุข | C12: ผ่าน | E12: ผ่าน | G12: ผ่าน | I12: ผ่าน | K12: ผ่าน | M12: ผ่าน | O12: =A12 -> 8 | P12: =B12 -> เด็กหญิงกัลยรัตน์ ทึงสุข | Q12: สิ่งแวดล้อม | R12: จิตอาสา
A13: 9 | B13: ='เวลาเรียน4-16'!B14 -> เด็กหญิงนิตยา พละโท | C13: ผ่าน | E13: ผ่าน | G13: ผ่าน | I13: ผ่าน | K13: ผ่าน | M13: ผ่าน | O13: =A13 -> 9 | P13: =B13 -> เด็กหญิงนิตยา พละโท | Q13: สิ่งแวดล้อม | R13: จิตอาสา
A14: 10 | B14: ='เวลาเรียน4-16'!B15 -> เด็กหญิงบัณฑิตา เบ้าพงษ์ | C14: ผ่าน | E14: ผ่าน | G14: ผ่าน | I14: ผ่าน | K14: ผ่าน | M14: ผ่าน | O14: =A14 -> 10 | P14: =B14 -> เด็กหญิงบัณฑิตา เบ้าพงษ์ | Q14: สิ่งแวดล้อม | R14: จิตอาสา
A15: 11 | B15: ='เวลาเรียน4-16'!B16 -> เด็กหญิงพัชรกัญญ์ บาลนาคม | C15: ผ่าน | E15: ผ่าน | G15: ผ่าน | I15: ผ่าน | K15: ผ่าน | M15: ผ่าน | O15: =A15 -> 11 | P15: =B15 -> เด็กหญิงพัชรกัญญ์ บาลนาคม | Q15: สิ่งแวดล้อม | R15: จิตอาสา
A16: 12 | B16: ='เวลาเรียน4-16'!B17 -> เด็กหญิงสุวิชาดา ชูจิตร | C16: ผ่าน | E16: ผ่าน | G16: ผ่าน | I16: ผ่าน | K16: ผ่าน | M16: ผ่าน | O16: =A16 -> 12 | P16: =B16 -> เด็กหญิงสุวิชาดา ชูจิตร | Q16: สิ่งแวดล้อม | R16: จิตอาสา
A17: 13 | B17: ='เวลาเรียน4-16'!B18 -> เด็กหญิงปุญญิศา อุปทุม | C17: ผ่าน | E17: ผ่าน | G17: ผ่าน | I17: ผ่าน | K17: ผ่าน | M17: ผ่าน | O17: =A17 -> 13 | P17: =B17 -> เด็กหญิงปุญญิศา อุปทุม | Q17: สิ่งแวดล้อม | R17: จิตอาสา

Sheet เกรดรวม59-60
Q1: 59 | AH1: 60
A2: ตารางสรุปผลการประเมินกลุ่มสาระการเรียนรู้ปลายปี | R2: ตารางสรุปผลการประเมินกลุ่มสาระการเรียนรู้ปลายปี
A3: ระดับชั้นประถมศึกษาปีที่ 6 ปีการศึกษา 2567 โรงเรียนบ้านขัวก่าย | R3: =A3 -> ระดับชั้นประถมศึกษาปีที่ 6 ปีการศึกษา 2567 โรงเรียนบ้านขัวก่าย
A4: ที่ | B4: ชื่อสกุล | C4: ภาษาไทย | D4: คณิตศาสตร์ | E4: วิทยาศาสตร์ฯ | F4: สังคมศึกษา | G4: ประวัติศาสตร์ | H4: สุขศึกษาและพลศึกษา | I4: ศิลปะ | J4: การงานอาชีพ | K4: ภาษาอังกฤษ | L4: ป้องกันการทุจริต | M4: ดนตรี | N4: คอมพิวเตอร์ | O4: รวม | P4: คุณลักษณะอันพึงประสงค์ | Q4: อ่าน คิดวิเคราะห์และเขียน | R4: ที่ | S4: ชื่อสกุล | T4: ภาษาไทย | U4: คณิตศาสตร์ | V4: วิทยาศาสตร์ฯ | W4: สังคมศึกษา | X4: ประวัติศาสตร์ | Y4: สุขศึกษาและพลศึกษา | Z4: ศิลปะ | AA4: การงานอาชีพ | AB4: ภาษาอังกฤษ | AC4: การป้องกันการทุจริต | AD4: ดนตรี | AE4: คอมพิวเตอร์ | AF4: รวม | AG4: คุณลักษณะอันพึงประสงค์ | AH4: อ่าน คิดวิเคราะห์และเขียน
C5: =ปก!D13 -> ท15101 | D5: =ปก!D14 -> ค15101 | E5: =ปก!D15 -> ว15101 | F5: =ปก!D16 -> ส15101 | G5: =ปก!D17 -> ส15102 | H5: =ปก!D18 -> พ15101 | I5: =ปก!D19 -> ศ15101 | J5: =ปก!D20 -> ง15101 | K5: =ปก!D21 -> อ15101 | L5: =ปก!D22 -> ส15201 | M5: ศ15201 | N5: ว15201 | T5: =C5 -> ท15101 | U5: =D5 -> ค15101 | V5: =E5 -> ว15101 | W5: =F5 -> ส15101 | X5: =G5 -> ส15102 | Y5: =H5 -> พ15101 | Z5: =I5 -> ศ15101 | AA5: =J5 -> ง15101 | ... AC5: =L5 -> ส15201 | AD5: ศ15201 | AE5: ว15201
A6: 1 | B6: ='เวลาเรียน4-16'!B6 -> เด็กชายกฤษดา บัวศรี | C6: ='ไทย17-20'!AI7 -> 80 | D6: ='คณิต21-24'!AI7 -> 81 | E6: ='วิทย์25-28'!AI7 -> 71 | F6: ='สังคม29-32'!AI7 -> 77 | G6: ='ประวัติ33-36'!AI7 -> 87 | H6: ='สุขศึกษา37-40'!AI7 -> 83 | I6: ='ศิลปะ41-44'!AI7 -> 86 | J6: ='การงาน45-48'!AI7 -> 94 | K6: ='อังกฤษ49-52'!AI7 -> 76 | L6: ='ทุจริต53-56'!AI7 -> 71 | M6: =ดนตรี!AI7 -> 91 | N6: =คอมฯ!AI7 -> 85 | O6: =SUM(C6:C6:N6) -> 982 | P6: ='คุณลักษณะ อ่านฯ57'!K5 -> 3 | Q6: ='คุณลักษณะ อ่านฯ57'!R5 -> 2 | R6: 1 | S6: =B6 -> เด็กชายกฤษดา บัวศรี | T6: =IF(C6>79,4,IF(C6>74,3.5,IF(C6>69,3,IF(C6>64,2.5,IF(C6>59,2,IF(C6>54,1.5,IF(C6>49,1,IF(C6<50,0)))))))) -> 4 | U6: =IF(D6>79,4,IF(D6>74,3.5,IF(D6>69,3,IF(D6>64,2.5,IF(D6>59,2,IF(D6>54,1.5,IF(D6>49,1,IF(D6<50,0)))))))) -> 4 | V6: =IF(E6>79,4,IF(E6>74,3.5,IF(E6>69,3,IF(E6>64,2.5,IF(E6>59,2,IF(E6>54,1.5,IF(E6>49,1,IF(E6<50,0)))))))) -> 3 | W6: =IF(F6>79,4,IF(F6>74,3.5,IF(F6>69,3,IF(F6>64,2.5,IF(F6>59,2,IF(F6>54,1.5,IF(F6>49,1,IF(F6<50,0)))))))) -> 3.5 | X6: =IF(G6>79,4,IF(G6>74,3.5,IF(G6>69,3,IF(G6>64,2.5,IF(G6>59,2,IF(G6>54,1.5,IF(G6>49,1,IF(G6<50,0)))))))) -> 4 | Y6: =IF(H6>79,4,IF(H6>74,3.5,IF(H6>69,3,IF(H6>64,2.5,IF(H6>59,2,IF(H6>54,1.5,IF(H6>49,1,IF(H6<50,0)))))))) -> 4 | Z6: =IF(I6>79,4,IF(I6>74,3.5,IF(I6>69,3,IF(I6>64,2.5,IF(I6>59,2,IF(I6>54,1.5,IF(I6>49,1,IF(I6<50,0)))))))) -> 4 | AA6: =IF(J6>79,4,IF(J6>74,3.5,IF(J6>69,3,IF(J6>64,2.5,IF(J6>59,2,IF(J6>54,1.5,IF(J6>49,1,IF(J6<50,0)))))))) -> 4 | ... AC6: =IF(L6>79,4,IF(L6>74,3.5,IF(L6>69,3,IF(L6>64,2.5,IF(L6>59,2,IF(L6>54,1.5,IF(L6>49,1,IF(L6<50,0)))))))) -> 3 | AD6: {=ดนตรี!AJ7:AJ19} -> 4 | AE6: {=คอมฯ!AJ7:AJ19} -> 4 | AF6: =SUM(T6:T6:AE6) -> 45 | AG6: =P6 -> 3 | AH6: =Q6 -> 2
A7: 2 | B7: ='เวลาเรียน4-16'!B7 -> เด็กชายจิรายุ ดอบุตร | C7: ='ไทย17-20'!AI8 -> 70 | D7: ='คณิต21-24'!AI8 -> 77 | E7: ='วิทย์25-28'!AI8 -> 71 | F7: ='สังคม29-32'!AI8 -> 78 | G7: ='ประวัติ33-36'!AI8 -> 85 | H7: ='สุขศึกษา37-40'!AI8 -> 81 | I7: ='ศิลปะ41-44'!AI8 -> 87 | J7: ='การงาน45-48'!AI8 -> 90 | K7: ='อังกฤษ49-52'!AI8 -> 84 | L7: ='ทุจริต53-56'!AI8 -> 78 | M7: =ดนตรี!AI8 -> 81 | N7: =คอมฯ!AI8 -> 83 | O7: =SUM(C7:C7:N7) -> 965 | P7: ='คุณลักษณะ อ่านฯ57'!K6 -> 3 | Q7: ='คุณลักษณะ อ่านฯ57'!R6 -> 2 | R7: 2 | S7: =B7 -> เด็กชายจิรายุ ดอบุตร | T7: =IF(C7>79,4,IF(C7>74,3.5,IF(C7>69,3,IF(C7>64,2.5,IF(C7>59,2,IF(C7>54,1.5,IF(C7>49,1,IF(C7<50,0)))))))) -> 3 | U7: =IF(D7>79,4,IF(D7>74,3.5,IF(D7>69,3,IF(D7>64,2.5,IF(D7>59,2,IF(D7>54,1.5,IF(D7>49,1,IF(D7<50,0)))))))) -> 3.5 | V7: =IF(E7>79,4,IF(E7>74,3.5,IF(E7>69,3,IF(E7>64,2.5,IF(E7>59,2,IF(E7>54,1.5,IF(E7>49,1,IF(E7<50,0)))))))) -> 3 | W7: =IF(F7>79,4,IF(F7>74,3.5,IF(F7>69,3,IF(F7>64,2.5,IF(F7>59,2,IF(F7>54,1.5,IF(F7>49,1,IF(F7<50,0)))))))) -> 3.5 | X7: =IF(G7>79,4,IF(G7>74,3.5,IF(G7>69,3,IF(G7>64,2.5,IF(G7>59,2,IF(G7>54,1.5,IF(G7>49,1,IF(G7<50,0)))))))) -> 4 | Y7: =IF(H7>79,4,IF(H7>74,3.5,IF(H7>69,3,IF(H7>64,2.5,IF(H7>59,2,IF(H7>54,1.5,IF(H7>49,1,IF(H7<50,0)))))))) -> 4 | Z7: =IF(I7>79,4,IF(I7>74,3.5,IF(I7>69,3,IF(I7>64,2.5,IF(I7>59,2,IF(I7>54,1.5,IF(I7>49,1,IF(I7<50,0)))))))) -> 4 | AA7: =IF(J7>79,4,IF(J7>74,3.5,IF(J7>69,3,IF(J7>64,2.5,IF(J7>59,2,IF(J7>54,1.5,IF(J7>49,1,IF(J7<50,0)))))))) -> 4 | ... AC7: =IF(L7>79,4,IF(L7>74,3.5,IF(L7>69,3,IF(L7>64,2.5,IF(L7>59,2,IF(L7>54,1.5,IF(L7>49,1,IF(L7<50,0)))))))) -> 3.5 | AD7: 4 | AE7: 4 | AF7: =SUM(T7:T7:AE7) -> 44.5 | AG7: =P7 -> 3 | AH7: =Q7 -> 2
A8: 3 | B8: ='เวลาเรียน4-16'!B8 -> เด็กชายจิรายุ เนตรสว่าง | C8: ='ไทย17-20'!AI9 -> 76 | D8: ='คณิต21-24'!AI9 -> 75 | E8: ='วิทย์25-28'!AI9 -> 72 | F8: ='สังคม29-32'!AI9 -> 91 | G8: ='ประวัติ33-36'!AI9 -> 81 | H8: ='สุขศึกษา37-40'!AI9 -> 80 | I8: ='ศิลปะ41-44'!AI9 -> 84 | J8: ='การงาน45-48'!AI9 -> 90 | K8: ='อังกฤษ49-52'!AI9 -> 68 | L8: ='ทุจริต53-56'!AI9 -> 87 | M8: =ดนตรี!AI9 -> 81 | N8: =คอมฯ!AI9 -> 88 | O8: =SUM(C8:C8:N8) -> 973 | P8: ='คุณลักษณะ อ่านฯ57'!K7 -> 3 | Q8: ='คุณลักษณะ อ่านฯ57'!R7 -> 3 | R8: 3 | S8: =B8 -> เด็กชายจิรายุ เนตรสว่าง | T8: =IF(C8>79,4,IF(C8>74,3.5,IF(C8>69,3,IF(C8>64,2.5,IF(C8>59,2,IF(C8>54,1.5,IF(C8>49,1,IF(C8<50,0)))))))) -> 3.5 | U8: =IF(D8>79,4,IF(D8>74,3.5,IF(D8>69,3,IF(D8>64,2.5,IF(D8>59,2,IF(D8>54,1.5,IF(D8>49,1,IF(D8<50,0)))))))) -> 3.5 | V8: =IF(E8>79,4,IF(E8>74,3.5,IF(E8>69,3,IF(E8>64,2.5,IF(E8>59,2,IF(E8>54,1.5,IF(E8>49,1,IF(E8<50,0)))))))) -> 3 | W8: =IF(F8>79,4,IF(F8>74,3.5,IF(F8>69,3,IF(F8>64,2.5,IF(F8>59,2,IF(F8>54,1.5,IF(F8>49,1,IF(F8<50,0)))))))) -> 4 | X8: =IF(G8>79,4,IF(G8>74,3.5,IF(G8>69,3,IF(G8>64,2.5,IF(G8>59,2,IF(G8>54,1.5,IF(G8>49,1,IF(G8<50,0)))))))) -> 4 | Y8: =IF(H8>79,4,IF(H8>74,3.5,IF(H8>69,3,IF(H8>64,2.5,IF(H8>59,2,IF(H8>54,1.5,IF(H8>49,1,IF(H8<50,0)))))))) -> 4 | Z8: =IF(I8>79,4,IF(I8>74,3.5,IF(I8>69,3,IF(I8>64,2.5,IF(I8>59,2,IF(I8>54,1.5,IF(I8>49,1,IF(I8<50,0)))))))) -> 4 | AA8: =IF(J8>79,4,IF(J8>74,3.5,IF(J8>69,3,IF(J8>64,2.5,IF(J8>59,2,IF(J8>54,1.5,IF(J8>49,1,IF(J8<50,0)))))))) -> 4 | ... AC8: =IF(L8>79,4,IF(L8>74,3.5,IF(L8>69,3,IF(L8>64,2.5,IF(L8>59,2,IF(L8>54,1.5,IF(L8>49,1,IF(L8<50,0)))))))) -> 4 | AD8: 4 | AE8: 4 | AF8: =SUM(T8:T8:AE8) -> 44.5 | AG8: =P8 -> 3 | AH8: =Q8 -> 3
A9: 4 | B9: ='เวลาเรียน4-16'!B9 -> เด็กชายจีรภัทร คันธมาตย์ | C9: ='ไทย17-20'!AI10 -> 75 | D9: ='คณิต21-24'!AI10 -> 72 | E9: ='วิทย์25-28'!AI10 -> 70 | F9: ='สังคม29-32'!AI10 -> 85 | G9: ='ประวัติ33-36'!AI10 -> 76 | H9: ='สุขศึกษา37-40'!AI10 -> 78 | I9: ='ศิลปะ41-44'!AI10 -> 86 | J9: ='การงาน45-48'!AI10 -> 81 | K9: ='อังกฤษ49-52'!AI10 -> 65 | L9: ='ทุจริต53-56'!AI10 -> 87 | M9: =ดนตรี!AI10 -> 86 | N9: =คอมฯ!AI10 -> 80 | O9: =SUM(C9:C9:N9) -> 941 | P9: ='คุณลักษณะ อ่านฯ57'!K8 -> 3 | Q9: ='คุณลักษณะ อ่านฯ57'!R8 -> 3 | R9: 4 | S9: =B9 -> เด็กชายจีรภัทร คันธมาตย์ | T9: =IF(C9>79,4,IF(C9>74,3.5,IF(C9>69,3,IF(C9>64,2.5,IF(C9>59,2,IF(C9>54,1.5,IF(C9>49,1,IF(C9<50,0)))))))) -> 3.5 | U9: =IF(D9>79,4,IF(D9>74,3.5,IF(D9>69,3,IF(D9>64,2.5,IF(D9>59,2,IF(D9>54,1.5,IF(D9>49,1,IF(D9<50,0)))))))) -> 3 | V9: =IF(E9>79,4,IF(E9>74,3.5,IF(E9>69,3,IF(E9>64,2.5,IF(E9>59,2,IF(E9>54,1.5,IF(E9>49,1,IF(E9<50,0)))))))) -> 3 | W9: =IF(F9>79,4,IF(F9>74,3.5,IF(F9>69,3,IF(F9>64,2.5,IF(F9>59,2,IF(F9>54,1.5,IF(F9>49,1,IF(F9<50,0)))))))) -> 4 | X9: =IF(G9>79,4,IF(G9>74,3.5,IF(G9>69,3,IF(G9>64,2.5,IF(G9>59,2,IF(G9>54,1.5,IF(G9>49,1,IF(G9<50,0)))))))) -> 3.5 | Y9: =IF(H9>79,4,IF(H9>74,3.5,IF(H9>69,3,IF(H9>64,2.5,IF(H9>59,2,IF(H9>54,1.5,IF(H9>49,1,IF(H9<50,0)))))))) -> 3.5 | Z9: =IF(I9>79,4,IF(I9>74,3.5,IF(I9>69,3,IF(I9>64,2.5,IF(I9>59,2,IF(I9>54,1.5,IF(I9>49,1,IF(I9<50,0)))))))) -> 4 | AA9: =IF(J9>79,4,IF(J9>74,3.5,IF(J9>69,3,IF(J9>64,2.5,IF(J9>59,2,IF(J9>54,1.5,IF(J9>49,1,IF(J9<50,0)))))))) -> 4 | ... AC9: =IF(L9>79,4,IF(L9>74,3.5,IF(L9>69,3,IF(L9>64,2.5,IF(L9>59,2,IF(L9>54,1.5,IF(L9>49,1,IF(L9<50,0)))))))) -> 4 | AD9: 4 | AE9: 4 | AF9: =SUM(T9:T9:AE9) -> 43 | AG9: =P9 -> 3 | AH9: =Q9 -> 3
A10: 5 | B10: ='เวลาเรียน4-16'!B10 -> เด็กชายปรวัฒน์ โพธิ์ศรี | C10: ='ไทย17-20'!AI11 -> 70 | D10: ='คณิต21-24'!AI11 -> 73 | E10: ='วิทย์25-28'!AI11 -> 69 | F10: ='สังคม29-32'!AI11 -> 90 | G10: ='ประวัติ33-36'!AI11 -> 83 | H10: ='สุขศึกษา37-40'!AI11 -> 75 | I10: ='ศิลปะ41-44'!AI11 -> 89 | J10: ='การงาน45-48'!AI11 -> 86 | K10: ='อังกฤษ49-52'!AI11 -> 60 | L10: ='ทุจริต53-56'!AI11 -> 85 | M10: =ดนตรี!AI11 -> 92 | N10: =คอมฯ!AI11 -> 84 | O10: =SUM(C10:C10:N10) -> 956 | P10: ='คุณลักษณะ อ่านฯ57'!K9 -> 3 | Q10: ='คุณลักษณะ อ่านฯ57'!R9 -> 3 | R10: 5 | S10: =B10 -> เด็กชายปรวัฒน์ โพธิ์ศรี | T10: =IF(C10>79,4,IF(C10>74,3.5,IF(C10>69,3,IF(C10>64,2.5,IF(C10>59,2,IF(C10>54,1.5,IF(C10>49,1,IF(C10<50,0)))))))) -> 3 | U10: =IF(D10>79,4,IF(D10>74,3.5,IF(D10>69,3,IF(D10>64,2.5,IF(D10>59,2,IF(D10>54,1.5,IF(D10>49,1,IF(D10<50,0)))))))) -> 3 | V10: =IF(E10>79,4,IF(E10>74,3.5,IF(E10>69,3,IF(E10>64,2.5,IF(E10>59,2,IF(E10>54,1.5,IF(E10>49,1,IF(E10<50,0)))))))) -> 2.5 | W10: =IF(F10>79,4,IF(F10>74,3.5,IF(F10>69,3,IF(F10>64,2.5,IF(F10>59,2,IF(F10>54,1.5,IF(F10>49,1,IF(F10<50,0)))))))) -> 4 | X10: =IF(G10>79,4,IF(G10>74,3.5,IF(G10>69,3,IF(G10>64,2.5,IF(G10>59,2,IF(G10>54,1.5,IF(G10>49,1,IF(G10<50,0)))))))) -> 4 | Y10: =IF(H10>79,4,IF(H10>74,3.5,IF(H10>69,3,IF(H10>64,2.5,IF(H10>59,2,IF(H10>54,1.5,IF(H10>49,1,IF(H10<50,0)))))))) -> 3.5 | Z10: =IF(I10>79,4,IF(I10>74,3.5,IF(I10>69,3,IF(I10>64,2.5,IF(I10>59,2,IF(I10>54,1.5,IF(I10>49,1,IF(I10<50,0)))))))) -> 4 | AA10: =IF(J10>79,4,IF(J10>74,3.5,IF(J10>69,3,IF(J10>64,2.5,IF(J10>59,2,IF(J10>54,1.5,IF(J10>49,1,IF(J10<50,0)))))))) -> 4 | ... AC10: =IF(L10>79,4,IF(L10>74,3.5,IF(L10>69,3,IF(L10>64,2.5,IF(L10>59,2,IF(L10>54,1.5,IF(L10>49,1,IF(L10<50,0)))))))) -> 4 | AD10: 4 | AE10: 4 | AF10: =SUM(T10:T10:AE10) -> 42 | AG10: =P10 -> 3 | AH10: =Q10 -> 3
A11: 6 | B11: ='เวลาเรียน4-16'!B11 -> เด็กชายพีรภาพ วงคำใหญ่ | C11: ='ไทย17-20'!AI12 -> 84 | D11: ='คณิต21-24'!AI12 -> 85 | E11: ='วิทย์25-28'!AI12 -> 87 | F11: ='สังคม29-32'!AI12 -> 94 | G11: ='ประวัติ33-36'!AI12 -> 94 | H11: ='สุขศึกษา37-40'!AI12 -> 89 | I11: ='ศิลปะ41-44'!AI12 -> 85 | J11: ='การงาน45-48'!AI12 -> 91 | K11: ='อังกฤษ49-52'!AI12 -> 82 | L11: ='ทุจริต53-56'!AI12 -> 94 | M11: =ดนตรี!AI12 -> 91 | N11: =คอมฯ!AI12 -> 89 | O11: =SUM(C11:C11:N11) -> 1065 | P11: ='คุณลักษณะ อ่านฯ57'!K10 -> 3 | Q11: ='คุณลักษณะ อ่านฯ57'!R10 -> 3 | R11: 6 | S11: =B11 -> เด็กชายพีรภาพ วงคำใหญ่ | T11: =IF(C11>79,4,IF(C11>74,3.5,IF(C11>69,3,IF(C11>64,2.5,IF(C11>59,2,IF(C11>54,1.5,IF(C11>49,1,IF(C11<50,0)))))))) -> 4 | U11: =IF(D11>79,4,IF(D11>74,3.5,IF(D11>69,3,IF(D11>64,2.5,IF(D11>59,2,IF(D11>54,1.5,IF(D11>49,1,IF(D11<50,0)))))))) -> 4 | V11: =IF(E11>79,4,IF(E11>74,3.5,IF(E11>69,3,IF(E11>64,2.5,IF(E11>59,2,IF(E11>54,1.5,IF(E11>49,1,IF(E11<50,0)))))))) -> 4 | W11: =IF(F11>79,4,IF(F11>74,3.5,IF(F11>69,3,IF(F11>64,2.5,IF(F11>59,2,IF(F11>54,1.5,IF(F11>49,1,IF(F11<50,0)))))))) -> 4 | X11: =IF(G11>79,4,IF(G11>74,3.5,IF(G11>69,3,IF(G11>64,2.5,IF(G11>59,2,IF(G11>54,1.5,IF(G11>49,1,IF(G11<50,0)))))))) -> 4 | Y11: =IF(H11>79,4,IF(H11>74,3.5,IF(H11>69,3,IF(H11>64,2.5,IF(H11>59,2,IF(H11>54,1.5,IF(H11>49,1,IF(H11<50,0)))))))) -> 4 | Z11: =IF(I11>79,4,IF(I11>74,3.5,IF(I11>69,3,IF(I11>64,2.5,IF(I11>59,2,IF(I11>54,1.5,IF(I11>49,1,IF(I11<50,0)))))))) -> 4 | AA11: =IF(J11>79,4,IF(J11>74,3.5,IF(J11>69,3,IF(J11>64,2.5,IF(J11>59,2,IF(J11>54,1.5,IF(J11>49,1,IF(J11<50,0)))))))) -> 4 | ... AC11: =IF(L11>79,4,IF(L11>74,3.5,IF(L11>69,3,IF(L11>64,2.5,IF(L11>59,2,IF(L11>54,1.5,IF(L11>49,1,IF(L11<50,0)))))))) -> 4 | AD11: 4 | AE11: 4 | AF11: =SUM(T11:T11:AE11) -> 48 | AG11: =P11 -> 3 | AH11: =Q11 -> 3
A12: 7 | B12: ='เวลาเรียน4-16'!B12 -> เด็กหญิงกมลรัตน์ แสดคง | C12: ='ไทย17-20'!AI13 -> 82 | D12: ='คณิต21-24'!AI13 -> 85 | E12: ='วิทย์25-28'!AI13 -> 83 | F12: ='สังคม29-32'!AI13 -> 85 | G12: ='ประวัติ33-36'!AI13 -> 87 | H12: ='สุขศึกษา37-40'!AI13 -> 91 | I12: ='ศิลปะ41-44'!AI13 -> 88 | J12: ='การงาน45-48'!AI13 -> 89 | K12: ='อังกฤษ49-52'!AI13 -> 75 | L12: ='ทุจริต53-56'!AI13 -> 90 | M12: =ดนตรี!AI13 -> 88 | N12: =คอมฯ!AI13 -> 87 | O12: =SUM(C12:C12:N12) -> 1030 | P12: ='คุณลักษณะ อ่านฯ57'!K11 -> 3 | Q12: ='คุณลักษณะ อ่านฯ57'!R11 -> 3 | R12: 7 | S12: =B12 -> เด็กหญิงกมลรัตน์ แสดคง | T12: =IF(C12>79,4,IF(C12>74,3.5,IF(C12>69,3,IF(C12>64,2.5,IF(C12>59,2,IF(C12>54,1.5,IF(C12>49,1,IF(C12<50,0)))))))) -> 4 | U12: =IF(D12>79,4,IF(D12>74,3.5,IF(D12>69,3,IF(D12>64,2.5,IF(D12>59,2,IF(D12>54,1.5,IF(D12>49,1,IF(D12<50,0)))))))) -> 4 | V12: =IF(E12>79,4,IF(E12>74,3.5,IF(E12>69,3,IF(E12>64,2.5,IF(E12>59,2,IF(E12>54,1.5,IF(E12>49,1,IF(E12<50,0)))))))) -> 4 | W12: =IF(F12>79,4,IF(F12>74,3.5,IF(F12>69,3,IF(F12>64,2.5,IF(F12>59,2,IF(F12>54,1.5,IF(F12>49,1,IF(F12<50,0)))))))) -> 4 | X12: =IF(G12>79,4,IF(G12>74,3.5,IF(G12>69,3,IF(G12>64,2.5,IF(G12>59,2,IF(G12>54,1.5,IF(G12>49,1,IF(G12<50,0)))))))) -> 4 | Y12: =IF(H12>79,4,IF(H12>74,3.5,IF(H12>69,3,IF(H12>64,2.5,IF(H12>59,2,IF(H12>54,1.5,IF(H12>49,1,IF(H12<50,0)))))))) -> 4 | Z12: =IF(I12>79,4,IF(I12>74,3.5,IF(I12>69,3,IF(I12>64,2.5,IF(I12>59,2,IF(I12>54,1.5,IF(I12>49,1,IF(I12<50,0)))))))) -> 4 | AA12: =IF(J12>79,4,IF(J12>74,3.5,IF(J12>69,3,IF(J12>64,2.5,IF(J12>59,2,IF(J12>54,1.5,IF(J12>49,1,IF(J12<50,0)))))))) -> 4 | ... AC12: =IF(L12>79,4,IF(L12>74,3.5,IF(L12>69,3,IF(L12>64,2.5,IF(L12>59,2,IF(L12>54,1.5,IF(L12>49,1,IF(L12<50,0)))))))) -> 4 | AD12: 4 | AE12: 4 | AF12: =SUM(T12:T12:AE12) -> 47.5 | AG12: =P12 -> 3 | AH12: =Q12 -> 3
A13: 8 | B13: ='เวลาเรียน4-16'!B13 -> เด็กหญิงกัลยรัตน์ ทึงสุข | C13: ='ไทย17-20'!AI14 -> 88 | D13: ='คณิต21-24'!AI14 -> 86 | E13: ='วิทย์25-28'!AI14 -> 89 | F13: ='สังคม29-32'!AI14 -> 81 | G13: ='ประวัติ33-36'!AI14 -> 93 | H13: ='สุขศึกษา37-40'!AI14 -> 89 | I13: ='ศิลปะ41-44'!AI14 -> 89 | J13: ='การงาน45-48'!AI14 -> 92 | K13: ='อังกฤษ49-52'!AI14 -> 86 | L13: ='ทุจริต53-56'!AI14 -> 95 | M13: =ดนตรี!AI14 -> 85 | N13: =คอมฯ!AI14 -> 88 | O13: =SUM(C13:C13:N13) -> 1061 | P13: ='คุณลักษณะ อ่านฯ57'!K12 -> 3 | Q13: ='คุณลักษณะ อ่านฯ57'!R12 -> 3 | R13: 8 | S13: =B13 -> เด็กหญิงกัลยรัตน์ ทึงสุข | T13: =IF(C13>79,4,IF(C13>74,3.5,IF(C13>69,3,IF(C13>64,2.5,IF(C13>59,2,IF(C13>54,1.5,IF(C13>49,1,IF(C13<50,0)))))))) -> 4 | U13: =IF(D13>79,4,IF(D13>74,3.5,IF(D13>69,3,IF(D13>64,2.5,IF(D13>59,2,IF(D13>54,1.5,IF(D13>49,1,IF(D13<50,0)))))))) -> 4 | V13: =IF(E13>79,4,IF(E13>74,3.5,IF(E13>69,3,IF(E13>64,2.5,IF(E13>59,2,IF(E13>54,1.5,IF(E13>49,1,IF(E13<50,0)))))))) -> 4 | W13: =IF(F13>79,4,IF(F13>74,3.5,IF(F13>69,3,IF(F13>64,2.5,IF(F13>59,2,IF(F13>54,1.5,IF(F13>49,1,IF(F13<50,0)))))))) -> 4 | X13: =IF(G13>79,4,IF(G13>74,3.5,IF(G13>69,3,IF(G13>64,2.5,IF(G13>59,2,IF(G13>54,1.5,IF(G13>49,1,IF(G13<50,0)))))))) -> 4 | Y13: =IF(H13>79,4,IF(H13>74,3.5,IF(H13>69,3,IF(H13>64,2.5,IF(H13>59,2,IF(H13>54,1.5,IF(H13>49,1,IF(H13<50,0)))))))) -> 4 | Z13: =IF(I13>79,4,IF(I13>74,3.5,IF(I13>69,3,IF(I13>64,2.5,IF(I13>59,2,IF(I13>54,1.5,IF(I13>49,1,IF(I13<50,0)))))))) -> 4 | AA13: =IF(J13>79,4,IF(J13>74,3.5,IF(J13>69,3,IF(J13>64,2.5,IF(J13>59,2,IF(J13>54,1.5,IF(J13>49,1,IF(J13<50,0)))))))) -> 4 | ... AC13: =IF(L13>79,4,IF(L13>74,3.5,IF(L13>69,3,IF(L13>64,2.5,IF(L13>59,2,IF(L13>54,1.5,IF(L13>49,1,IF(L13<50,0)))))))) -> 4 | AD13: 4 | AE13: 4 | AF13: =SUM(T13:T13:AE13) -> 48 | AG13: =P13 -> 3 | AH13: =Q13 -> 3
A14: 9 | B14: ='เวลาเรียน4-16'!B14 -> เด็กหญิงนิตยา พละโท | C14: ='ไทย17-20'!AI15 -> 83 | D14: ='คณิต21-24'!AI15 -> 86 | E14: ='วิทย์25-28'!AI15 -> 86 | F14: ='สังคม29-32'!AI15 -> 83 | G14: ='ประวัติ33-36'!AI15 -> 90 | H14: ='สุขศึกษา37-40'!AI15 -> 90 | I14: ='ศิลปะ41-44'!AI15 -> 90 | J14: ='การงาน45-48'!AI15 -> 95 | K14: ='อังกฤษ49-52'!AI15 -> 82 | L14: ='ทุจริต53-56'!AI15 -> 93 | M14: =ดนตรี!AI15 -> 91 | N14: =คอมฯ!AI15 -> 88 | O14: =SUM(C14:C14:N14) -> 1057 | P14: ='คุณลักษณะ อ่านฯ57'!K13 -> 3 | Q14: ='คุณลักษณะ อ่านฯ57'!R13 -> 3 | R14: 9 | S14: =B14 -> เด็กหญิงนิตยา พละโท | T14: =IF(C14>79,4,IF(C14>74,3.5,IF(C14>69,3,IF(C14>64,2.5,IF(C14>59,2,IF(C14>54,1.5,IF(C14>49,1,IF(C14<50,0)))))))) -> 4 | U14: =IF(D14>79,4,IF(D14>74,3.5,IF(D14>69,3,IF(D14>64,2.5,IF(D14>59,2,IF(D14>54,1.5,IF(D14>49,1,IF(D14<50,0)))))))) -> 4 | V14: =IF(E14>79,4,IF(E14>74,3.5,IF(E14>69,3,IF(E14>64,2.5,IF(E14>59,2,IF(E14>54,1.5,IF(E14>49,1,IF(E14<50,0)))))))) -> 4 | W14: =IF(F14>79,4,IF(F14>74,3.5,IF(F14>69,3,IF(F14>64,2.5,IF(F14>59,2,IF(F14>54,1.5,IF(F14>49,1,IF(F14<50,0)))))))) -> 4 | X14: =IF(G14>79,4,IF(G14>74,3.5,IF(G14>69,3,IF(G14>64,2.5,IF(G14>59,2,IF(G14>54,1.5,IF(G14>49,1,IF(G14<50,0)))))))) -> 4 | Y14: =IF(H14>79,4,IF(H14>74,3.5,IF(H14>69,3,IF(H14>64,2.5,IF(H14>59,2,IF(H14>54,1.5,IF(H14>49,1,IF(H14<50,0)))))))) -> 4 | Z14: =IF(I14>79,4,IF(I14>74,3.5,IF(I14>69,3,IF(I14>64,2.5,IF(I14>59,2,IF(I14>54,1.5,IF(I14>49,1,IF(I14<50,0)))))))) -> 4 | AA14: =IF(J14>79,4,IF(J14>74,3.5,IF(J14>69,3,IF(J14>64,2.5,IF(J14>59,2,IF(J14>54,1.5,IF(J14>49,1,IF(J14<50,0)))))))) -> 4 | ... AC14: =IF(L14>79,4,IF(L14>74,3.5,IF(L14>69,3,IF(L14>64,2.5,IF(L14>59,2,IF(L14>54,1.5,IF(L14>49,1,IF(L14<50,0)))))))) -> 4 | AD14: 4 | AE14: 4 | AF14: =SUM(T14:T14:AE14) -> 48 | AG14: =P14 -> 3 | AH14: =Q14 -> 3
A15: 10 | B15: ='เวลาเรียน4-16'!B15 -> เด็กหญิงบัณฑิตา เบ้าพงษ์ | C15: ='ไทย17-20'!AI16 -> 77 | D15: ='คณิต21-24'!AI16 -> 85 | E15: ='วิทย์25-28'!AI16 -> 77 | F15: ='สังคม29-32'!AI16 -> 87 | G15: ='ประวัติ33-36'!AI16 -> 89 | H15: ='สุขศึกษา37-40'!AI16 -> 87 | I15: ='ศิลปะ41-44'!AI16 -> 89 | J15: ='การงาน45-48'!AI16 -> 85 | K15: ='อังกฤษ49-52'!AI16 -> 76 | L15: ='ทุจริต53-56'!AI16 -> 87 | M15: =ดนตรี!AI16 -> 84 | N15: =คอมฯ!AI16 -> 85 | O15: =SUM(C15:C15:N15) -> 1008 | P15: ='คุณลักษณะ อ่านฯ57'!K14 -> 3 | Q15: ='คุณลักษณะ อ่านฯ57'!R14 -> 3 | R15: 10 | S15: =B15 -> เด็กหญิงบัณฑิตา เบ้าพงษ์ | T15: =IF(C15>79,4,IF(C15>74,3.5,IF(C15>69,3,IF(C15>64,2.5,IF(C15>59,2,IF(C15>54,1.5,IF(C15>49,1,IF(C15<50,0)))))))) -> 3.5 | U15: =IF(D15>79,4,IF(D15>74,3.5,IF(D15>69,3,IF(D15>64,2.5,IF(D15>59,2,IF(D15>54,1.5,IF(D15>49,1,IF(D15<50,0)))))))) -> 4 | V15: =IF(E15>79,4,IF(E15>74,3.5,IF(E15>69,3,IF(E15>64,2.5,IF(E15>59,2,IF(E15>54,1.5,IF(E15>49,1,IF(E15<50,0)))))))) -> 3.5 | W15: =IF(F15>79,4,IF(F15>74,3.5,IF(F15>69,3,IF(F15>64,2.5,IF(F15>59,2,IF(F15>54,1.5,IF(F15>49,1,IF(F15<50,0)))))))) -> 4 | X15: =IF(G15>79,4,IF(G15>74,3.5,IF(G15>69,3,IF(G15>64,2.5,IF(G15>59,2,IF(G15>54,1.5,IF(G15>49,1,IF(G15<50,0)))))))) -> 4 | Y15: =IF(H15>79,4,IF(H15>74,3.5,IF(H15>69,3,IF(H15>64,2.5,IF(H15>59,2,IF(H15>54,1.5,IF(H15>49,1,IF(H15<50,0)))))))) -> 4 | Z15: =IF(I15>79,4,IF(I15>74,3.5,IF(I15>69,3,IF(I15>64,2.5,IF(I15>59,2,IF(I15>54,1.5,IF(I15>49,1,IF(I15<50,0)))))))) -> 4 | AA15: =IF(J15>79,4,IF(J15>74,3.5,IF(J15>69,3,IF(J15>64,2.5,IF(J15>59,2,IF(J15>54,1.5,IF(J15>49,1,IF(J15<50,0)))))))) -> 4 | ... AC15: =IF(L15>79,4,IF(L15>74,3.5,IF(L15>69,3,IF(L15>64,2.5,IF(L15>59,2,IF(L15>54,1.5,IF(L15>49,1,IF(L15<50,0)))))))) -> 4 | AD15: 4 | AE15: 4 | AF15: =SUM(T15:T15:AE15) -> 46.5 | AG15: =P15 -> 3 | AH15: =Q15 -> 3
A16: 11 | B16: ='เวลาเรียน4-16'!B16 -> เด็กหญิงพัชรกัญญ์ บาลนาคม | C16: ='ไทย17-20'!AI17 -> 85 | D16: ='คณิต21-24'!AI17 -> 85 | E16: ='วิทย์25-28'!AI17 -> 80 | F16: ='สังคม29-32'!AI17 -> 83 | G16: ='ประวัติ33-36'!AI17 -> 90 | H16: ='สุขศึกษา37-40'!AI17 -> 94 | I16: ='ศิลปะ41-44'!AI17 -> 88 | J16: ='การงาน45-48'!AI17 -> 94 | K16: ='อังกฤษ49-52'!AI17 -> 80 | L16: ='ทุจริต53-56'!AI17 -> 91 | M16: =ดนตรี!AI17 -> 89 | N16: =คอมฯ!AI17 -> 86 | O16: =SUM(C16:C16:N16) -> 1045 | P16: ='คุณลักษณะ อ่านฯ57'!K15 -> 3 | Q16: ='คุณลักษณะ อ่านฯ57'!R15 -> 3 | R16: 11 | S16: =B16 -> เด็กหญิงพัชรกัญญ์ บาลนาคม | T16: =IF(C16>79,4,IF(C16>74,3.5,IF(C16>69,3,IF(C16>64,2.5,IF(C16>59,2,IF(C16>54,1.5,IF(C16>49,1,IF(C16<50,0)))))))) -> 4 | U16: =IF(D16>79,4,IF(D16>74,3.5,IF(D16>69,3,IF(D16>64,2.5,IF(D16>59,2,IF(D16>54,1.5,IF(D16>49,1,IF(D16<50,0)))))))) -> 4 | V16: =IF(E16>79,4,IF(E16>74,3.5,IF(E16>69,3,IF(E16>64,2.5,IF(E16>59,2,IF(E16>54,1.5,IF(E16>49,1,IF(E16<50,0)))))))) -> 4 | W16: =IF(F16>79,4,IF(F16>74,3.5,IF(F16>69,3,IF(F16>64,2.5,IF(F16>59,2,IF(F16>54,1.5,IF(F16>49,1,IF(F16<50,0)))))))) -> 4 | X16: =IF(G16>79,4,IF(G16>74,3.5,IF(G16>69,3,IF(G16>64,2.5,IF(G16>59,2,IF(G16>54,1.5,IF(G16>49,1,IF(G16<50,0)))))))) -> 4 | Y16: =IF(H16>79,4,IF(H16>74,3.5,IF(H16>69,3,IF(H16>64,2.5,IF(H16>59,2,IF(H16>54,1.5,IF(H16>49,1,IF(H16<50,0)))))))) -> 4 | Z16: =IF(I16>79,4,IF(I16>74,3.5,IF(I16>69,3,IF(I16>64,2.5,IF(I16>59,2,IF(I16>54,1.5,IF(I16>49,1,IF(I16<50,0)))))))) -> 4 | AA16: =IF(J16>79,4,IF(J16>74,3.5,IF(J16>69,3,IF(J16>64,2.5,IF(J16>59,2,IF(J16>54,1.5,IF(J16>49,1,IF(J16<50,0)))))))) -> 4 | ... AC16: =IF(L16>79,4,IF(L16>74,3.5,IF(L16>69,3,IF(L16>64,2.5,IF(L16>59,2,IF(L16>54,1.5,IF(L16>49,1,IF(L16<50,0)))))))) -> 4 | AD16: 4 | AE16: 4 | AF16: =SUM(T16:T16:AE16) -> 48 | AG16: =P16 -> 3 | AH16: =Q16 -> 3
A17: 12 | B17: ='เวลาเรียน4-16'!B17 -> เด็กหญิงสุวิชาดา ชูจิตร | C17: ='ไทย17-20'!AI18 -> 70 | D17: ='คณิต21-24'!AI18 -> 73 | E17: ='วิทย์25-28'!AI18 -> 70 | F17: ='สังคม29-32'!AI18 -> 81 | G17: ='ประวัติ33-36'!AI18 -> 85 | H17: ='สุขศึกษา37-40'!AI18 -> 89 | I17: ='ศิลปะ41-44'!AI18 -> 88 | J17: ='การงาน45-48'!AI18 -> 84 | K17: ='อังกฤษ49-52'!AI18 -> 55 | L17: ='ทุจริต53-56'!AI18 -> 84 | M17: =ดนตรี!AI18 -> 80 | N17: =คอมฯ!AI18 -> 89 | O17: =SUM(C17:C17:N17) -> 948 | P17: ='คุณลักษณะ อ่านฯ57'!K16 -> 3 | Q17: ='คุณลักษณะ อ่านฯ57'!R16 -> 3 | R17: 12 | S17: =B17 -> เด็กหญิงสุวิชาดา ชูจิตร | T17: =IF(C17>79,4,IF(C17>74,3.5,IF(C17>69,3,IF(C17>64,2.5,IF(C17>59,2,IF(C17>54,1.5,IF(C17>49,1,IF(C17<50,0)))))))) -> 3 | U17: =IF(D17>79,4,IF(D17>74,3.5,IF(D17>69,3,IF(D17>64,2.5,IF(D17>59,2,IF(D17>54,1.5,IF(D17>49,1,IF(D17<50,0)))))))) -> 3 | V17: =IF(E17>79,4,IF(E17>74,3.5,IF(E17>69,3,IF(E17>64,2.5,IF(E17>59,2,IF(E17>54,1.5,IF(E17>49,1,IF(E17<50,0)))))))) -> 3 | W17: =IF(F17>79,4,IF(F17>74,3.5,IF(F17>69,3,IF(F17>64,2.5,IF(F17>59,2,IF(F17>54,1.5,IF(F17>49,1,IF(F17<50,0)))))))) -> 4 | X17: =IF(G17>79,4,IF(G17>74,3.5,IF(G17>69,3,IF(G17>64,2.5,IF(G17>59,2,IF(G17>54,1.5,IF(G17>49,1,IF(G17<50,0)))))))) -> 4 | Y17: =IF(H17>79,4,IF(H17>74,3.5,IF(H17>69,3,IF(H17>64,2.5,IF(H17>59,2,IF(H17>54,1.5,IF(H17>49,1,IF(H17<50,0)))))))) -> 4 | Z17: =IF(I17>79,4,IF(I17>74,3.5,IF(I17>69,3,IF(I17>64,2.5,IF(I17>59,2,IF(I17>54,1.5,IF(I17>49,1,IF(I17<50,0)))))))) -> 4 | AA17: =IF(J17>79,4,IF(J17>74,3.5,IF(J17>69,3,IF(J17>64,2.5,IF(J17>59,2,IF(J17>54,1.5,IF(J17>49,1,IF(J17<50,0)))))))) -> 4 | ... AC17: =IF(L17>79,4,IF(L17>74,3.5,IF(L17>69,3,IF(L17>64,2.5,IF(L17>59,2,IF(L17>54,1.5,IF(L17>49,1,IF(L17<50,0)))))))) -> 4 | AD17: 4 | AE17: 4 | AF17: =SUM(T17:T17:AE17) -> 42.5 | AG17: =P17 -> 3 | AH17: =Q17 -> 3
A18: 13 | B18: ='เวลาเรียน4-16'!B18 -> เด็กหญิงปุญญิศา อุปทุม | C18: ='ไทย17-20'!AI19 -> 84 | D18: ='คณิต21-24'!AI19 -> 85 | E18: ='วิทย์25-28'!AI19 -> 90 | F18: ='สังคม29-32'!AI19 -> 97 | G18: ='ประวัติ33-36'!AI19 -> 96 | H18: ='สุขศึกษา37-40'!AI19 -> 91 | I18: ='ศิลปะ41-44'!AI19 -> 87 | J18: ='การงาน45-48'!AI19 -> 90 | K18: ='อังกฤษ49-52'!AI19 -> 85 | L18: ='ทุจริต53-56'!AI19 -> 95 | M18: =ดนตรี!AI19 -> 88 | N18: =คอมฯ!AI19 -> 85 | O18: =SUM(C18:C18:N18) -> 1073 | P18: ='คุณลักษณะ อ่านฯ57'!K17 -> 3 | Q18: ='คุณลักษณะ อ่านฯ57'!R17 -> 3 | R18: 13 | S18: =B18 -> เด็กหญิงปุญญิศา อุปทุม | T18: =IF(C18>79,4,IF(C18>74,3.5,IF(C18>69,3,IF(C18>64,2.5,IF(C18>59,2,IF(C18>54,1.5,IF(C18>49,1,IF(C18<50,0)))))))) -> 4 | U18: =IF(D18>79,4,IF(D18>74,3.5,IF(D18>69,3,IF(D18>64,2.5,IF(D18>59,2,IF(D18>54,1.5,IF(D18>49,1,IF(D18<50,0)))))))) -> 4 | V18: =IF(E18>79,4,IF(E18>74,3.5,IF(E18>69,3,IF(E18>64,2.5,IF(E18>59,2,IF(E18>54,1.5,IF(E18>49,1,IF(E18<50,0)))))))) -> 4 | W18: =IF(F18>79,4,IF(F18>74,3.5,IF(F18>69,3,IF(F18>64,2.5,IF(F18>59,2,IF(F18>54,1.5,IF(F18>49,1,IF(F18<50,0)))))))) -> 4 | X18: =IF(G18>79,4,IF(G18>74,3.5,IF(G18>69,3,IF(G18>64,2.5,IF(G18>59,2,IF(G18>54,1.5,IF(G18>49,1,IF(G18<50,0)))))))) -> 4 | Y18: =IF(H18>79,4,IF(H18>74,3.5,IF(H18>69,3,IF(H18>64,2.5,IF(H18>59,2,IF(H18>54,1.5,IF(H18>49,1,IF(H18<50,0)))))))) -> 4 | Z18: =IF(I18>79,4,IF(I18>74,3.5,IF(I18>69,3,IF(I18>64,2.5,IF(I18>59,2,IF(I18>54,1.5,IF(I18>49,1,IF(I18<50,0)))))))) -> 4 | AA18: =IF(J18>79,4,IF(J18>74,3.5,IF(J18>69,3,IF(J18>64,2.5,IF(J18>59,2,IF(J18>54,1.5,IF(J18>49,1,IF(J18<50,0)))))))) -> 4 | ... AC18: =IF(L18>79,4,IF(L18>74,3.5,IF(L18>69,3,IF(L18>64,2.5,IF(L18>59,2,IF(L18>54,1.5,IF(L18>49,1,IF(L18<50,0)))))))) -> 4 | AD18: 4 | AE18: 4 | AF18: =SUM(T18:T18:AE18) -> 48 | AG18: =P18 -> 3 | AH18: =Q18 -> 3
A35: รวมเฉลี่ย | C35: =AVERAGE(C6:C34) -> 78.769231 | D35: =AVERAGE(D6:D34) -> 80.615385 | E35: =AVERAGE(E6:E34) -> 78.076923 | F35: =AVERAGE(F6:F34) -> 85.538462 | G35: =AVERAGE(G6:G34) -> 87.384615 | H35: =AVERAGE(H6:H34) -> 85.923077 | I35: =AVERAGE(I6:I34) -> 87.384615 | J35: =AVERAGE(J6:J34) -> 89.307692 | ... L35: =AVERAGE(L6:L34) -> 87.461538 | R35: รวมเฉลี่ย | T35: =AVERAGE(T6:T34) -> 3.6538462 | U35: =AVERAGE(U6:U34) -> 3.6923077 | V35: =AVERAGE(V6:V34) -> 3.4615385 | W35: =AVERAGE(W6:W34) -> 3.9230769 | X35: =AVERAGE(X6:X34) -> 3.9615385 | Y35: =AVERAGE(Y6:Y34) -> 3.9230769 | Z35: =AVERAGE(Z6:Z34) -> 4 | AA35: =AVERAGE(AA6:AA34) -> 4 | ... AC35: =AVERAGE(AC6:AC34) -> 3.8846154
A36: ผลการเรียนเฉลี่ย | C36: =AVERAGE(C35:L35) -> 83.538462 | R36: ผลการเรียนเฉลี่ย | T36: =AVERAGE(T35:AC35) -> 3.7807692

Sheet คำอธิบายการใช้ 61
B1: คำอธิบายการใช้ ปพ.5 โรงเรียนบ้านขัวก่าย | K1: 61
A2: การบันทึกข้อมูลนักเรียน-เวลาเรียน
A3: 1 | B3: กรอกข้อมูลนักเรียนให้ครบถ้วน
A4: 2 | B4: การบันทึกเวลาเรียน ให้บันทึกรายละเอียดดังนี้
B5: 2.1 ผู้มาเรียน ไม่ต้องเขียนเครื่องหมายใด ส่วนผู้ไม่มาเรียนให้ทำเครื่องหมาย O ด้วยหมึกสีแดง และระบุสาเหตุที่ไม่เข้า เช่น ลาป่วย "ป" ลากิจ "ล" ด้วยหมึกสีน้ำเงินหรือสีดำ
B6: ลงใน O แล้วแต่กรณี ถ้าขาดหรือไม่ทราบสาเหตุให้ทำเครื่องหมาย O
B7: 2.2 ถ้านักเรียนถูกพักการเรียนหรือย้ายหรือออกกลางคัน ให้ขีดเส้นแดงทับช่องตรงรายชื่อแล้วระบุสาเหตุไว้ที่ช่องหมายเหตุ ยกเว้นถูกสั่งพักการเรียนชั่วคราว
B8: (3,5,7 วัน โดยยังไม่ลาออก) ให้ปฏิบัติเหมือนกับการขาดเรียน
B9: 2.3 เมื่อสิ้นสุดเดือนแต่ละเดือน และสิ้นสุดปีการศึกษา ให้สรุปเวลามาเรียนไว้ในช่องรวมเวลารายปี ถ้านักเรียนคนใดมีเวลาเรียนน้อยกว่าร้อยละ 80 ของรายวิชานั้นๆ
B10: ให้เขียนเวลาเรียนรวมด้วยหมึกสีแดง
A11: การบันทึกการพัฒนาคุณภาพผู้เรียน
A12: 1 | B12: ให้เขียนมาตรฐานและตัวชี้วัดหรือผลการเรียนรู้ของแต่ละรายวิชาไว้ โดยแยกเป็นหน่วยและระบุมาตรฐานการเรียนรู้กลุ่มสาระหรือตัวชี้วัดให้ชัดเจน
A13: 2 | B13: ให้เขียนมาตรฐานการเรียนรู้กลุ่มสาระ ตัวชี้วัดหรือผลการเรียนรู้โดยแยกเป็นหน่วยให้ชัดเจน และกำหนดรายละเอียดการประเมินผล เป็นคะแนนในช่องวิธีการวัดผล
B14: ในแต่ละข้อ ตามแผนการจัดการเรียนรู้
A15: 3 | B15: การบันทึกผลการประเมินคุณภาพผู้เรียนรายภาค มีรายละเอียดดังนี้
